SARS-CoV-2,-,-,-,-,M,Y,S,F,V,S,E,E,T,G,T,L,I,V,N,S,V,L,L,F,L,A,F,V,V,F,L,L,V,T,L,A,I,L,T,A,L,R,L,C,A,Y,C,C,N,I,V,N,V,S,L,V,K,P,S,F,Y,V,Y,S,R,V,K,N,L,N,S,S,R,-,V,-,-,-,P,D,L,L,V,-,-,-,-,-,-,-,-,-
SARS-CoV,-,-,-,-,M,Y,S,F,V,S,E,E,T,G,T,L,I,V,N,S,V,L,L,F,L,A,F,V,V,F,L,L,V,T,L,A,I,L,T,A,L,R,L,C,A,Y,C,C,N,I,V,N,V,S,L,V,K,P,T,V,Y,V,Y,S,R,V,K,N,L,N,S,S,E,G,V,-,-,-,P,D,L,L,V,-,-,-,-,-,-,-,-,-
Human-CoV cons,0.0, 0.0, 0.0, 0.0, 11.0, 5.0, 2.0, 2.0, 6.0, 0.0, 3.0, 7.0, 4.0, 2.0, 5.0, 7.0, 9.0, 7.0, 9.0, 4.0, 7.0, 7.0, 7.0, 6.0, 7.0, 6.0, 7.0, 7.0, 7.0, 4.0, 6.0, 9.0, 7.0, 7.0, 8.0, 8.0, 8.0, 10.0, 5.0, 6.0, 6.0, 7.0, 11.0, 11.0, 6.0, 7.0, 8.0, 5.0, 5.0, 6.0, 7.0, 9.0, 3.0, 4.0, 9.0, 6.0, 4.0, 11.0, 5.0, 3.0, 5.0, 9.0, 9.0, 2.0, 3.0, 5.0, 6.0, 6.0, 6.0, 6.0, 0.0, 0.0, 0.0, 0.0, 0.0, 0.0, 0.0, 0.0, 4.0, 6.0, 6.0, 4.0, 1.0, 0.0, 0.0, 0.0, 0.0, 0.0, 0.0, 0.0, 0.0, 0.0
Alpha-CoV cons,0.0, 0.0, 0.0, 0.0, 0.0, 1.0, 0.0, 1.0, 2.0, 0.0, 1.0, 1.0, 4.0, 1.0, 3.0, 7.0, 7.0, 9.0, 9.0, 5.0, 7.0, 8.0, 11.0, 7.0, 7.0, 7.0, 8.0, 7.0, 4.0, 7.0, 8.0, 9.0, 7.0, 7.0, 5.0, 7.0, 7.0, 9.0, 6.0, 6.0, 9.0, 6.0, 9.0, 8.0, 4.0, 5.0, 11.0, 5.0, 3.0, 8.0, 5.0, 5.0, 3.0, 6.0, 9.0, 6.0, 3.0, 11.0, 7.0, 3.0, 2.0, 7.0, 9.0, 1.0, 5.0, 11.0, 7.0, 6.0, 9.0, 8.0, 0.0, 0.0, 0.0, 0.0, 0.0, 0.0, 4.0, 7.0, 2.0, 3.0, 3.0, 7.0, 1.0, 1.0, 2.0, 3.0, 0.0, 0.0, 0.0, 0.0, 0.0, 0.0
Beta-CoV cons,0.0, 0.0, 0.0, 0.0, 11.0, 5.0, 4.0, 6.0, 4.0, 2.0, 3.0, 6.0, 6.0, 6.0, 4.0, 6.0, 9.0, 8.0, 9.0, 4.0, 7.0, 7.0, 8.0, 4.0, 7.0, 6.0, 8.0, 7.0, 7.0, 4.0, 7.0, 9.0, 7.0, 6.0, 8.0, 11.0, 6.0, 11.0, 6.0, 5.0, 6.0, 7.0, 8.0, 8.0, 6.0, 5.0, 7.0, 7.0, 7.0, 6.0, 7.0, 3.0, 3.0, 4.0, 9.0, 7.0, 3.0, 11.0, 7.0, 2.0, 5.0, 9.0, 9.0, 2.0, 5.0, 4.0, 5.0, 5.0, 2.0, 6.0, 0.0, 0.0, 3.0, 0.0, 3.0, 0.0, 0.0, 0.0, 2.0, 5.0, 4.0, 4.0, 3.0, 0.0, 0.0, 0.0, 0.0, 0.0, 0.0, 0.0, 0.0, 0.0
Conservation,0.0, 0.0, 0.0, 0.0, 0.0, 5.0, 1.0, 2.0, 6.0, 0.0, 3.0, 7.0, 4.0, 2.0, 6.0, 6.0, 9.0, 7.0, 8.0, 4.0, 7.0, 7.0, 7.0, 6.0, 6.0, 6.0, 7.0, 6.0, 7.0, 6.0, 7.0, 9.0, 7.0, 6.0, 8.0, 8.0, 7.0, 9.0, 3.0, 5.0, 7.0, 6.0, 8.0, 9.0, 6.0, 4.0, 8.0, 5.0, 3.0, 6.0, 5.0, 5.0, 3.0, 4.0, 9.0, 6.0, 3.0, 11.0, 5.0, 2.0, 4.0, 7.0, 9.0, 1.0, 3.0, 4.0, 7.0, 5.0, 5.0, 5.0, 0.0, 0.0, 0.0, 0.0, 0.0, 0.0, 0.0, 0.0, 2.0, 2.0, 5.0, 5.0, 2.0, 0.0, 0.0, 0.0, 0.0, 0.0, 0.0, 0.0, 0.0, 0.0
Quality,22.738432, 28.383686, 39.639637, 40.68158, 56.07776, 82.08451, 8.233517, 43.07109, 117.626205, 50.95175, 55.13131, 118.346146, 56.63295, 35.685677, 29.311512, 115.634186, 186.45848, 96.42839, 151.1889, 79.94482, 161.3962, 137.15294, 46.02582, 127.008415, 133.25426, 140.42525, 89.13478, 149.14081, 108.71243, 139.10042, 166.24068, 185.39014, 157.66118, 66.453476, 149.9324, 172.0696, 126.6565, 188.57454, 91.289696, 104.815315, 152.98532, 154.03476, 188.78629, 172.05724, 92.718864, 68.481766, 134.80652, 19.263203, 71.71973, 96.55927, 59.393375, 115.86517, 85.65201, 94.06091, 184.66447, 83.0173, 70.586525, 202.4685, 111.186005, 30.311232, 34.00207, 142.69125, 188.30475, 57.480965, 66.6498, 47.693195, 159.0551, 98.43014, 89.86049, 82.288, 47.9305, 50.81001, 37.653477, 38.060497, 30.807758, 17.08175, 45.228127, 39.65408, 80.19979, 137.93755, 101.71802, 64.45739, 28.721832, 14.143322, 6.46996, 0.0, 33.61129, 46.837708, 32.318226, 11.658104, 11.761545, 11.57553
Consensus,11.764706, 5.882353, 11.764706, 14.705882, 67.64706, 20.588236, 38.235294, 23.529411, 38.235294, 14.705882, 29.411764, 52.941177, 50.0, 29.411764, 47.058823, 35.294117, 52.941177, 47.058823, 67.64706, 26.470589, 52.941177, 44.117645, 52.941177, 44.117645, 35.294117, 41.17647, 44.117645, 35.294117, 26.470589, 41.17647, 52.941177, 47.058823, 44.117645, 32.35294, 41.17647, 67.64706, 35.294117, 64.70588, 26.470589, 35.294117, 50.0, 35.294117, 91.17647, 88.23529, 38.235294, 32.35294, 73.52941, 50.0, 23.529411, 44.117645, 41.17647, 55.882355, 38.235294, 29.411764, 52.941177, 38.235294, 23.529411, 100.0, 29.411764, 23.529411, 41.17647, 44.117645, 88.23529, 38.235294, 26.470589, 52.941177, 47.058823, 29.411764, 32.35294, 50.0, 11.764706, 14.705882, 23.529411, 14.705882, 14.705882, 5.882353, 20.588236, 47.058823, 41.17647, 70.588234, 47.058823, 55.882355, 23.529411, 17.647058, 38.235294, 26.470589, 23.529411, 17.647058, 8.823529, 5.882353, 5.882353, 5.882353
Consensus_seq,M 12%, T 6%, F 12%, P 15%, M 68%, [FL] 21%, L 38%, T 24%, V 38%, L 15%, I 29%, D 53%, D 50%, N 29%, G 47%, L 35%, V 53%, V 47%, N 68%, I 26%, I 53%, L 44%, W 53%, L 44%, L 35%, V 41%, C 44%, I 35%, F 26%, V 41%, L 53%, L 47%, V 44%, S 32%, I 41%, A 68%, F 35%, L 65%, K 26%, L 35%, I 50%, Q 35%, L 91%, C 88%, F 38%, Q 32%, C 74%, C 50%, [GR] 24%, L 44%, C 41%, N 56%, T 38%, L 29%, V 53%, Y 38%, S 24%, P 100%, V 29%, [IY] 24%, Y 41%, V 44%, Y 88%, N 38%, R 26%, Y 53%, K 47%, D 29%, [FY] 32%, M 50%, K 12%, K 15%, Y 24%, [NQ] 15%, [DE] 15%, E 6%, Q 21%, I 47%, P 41%, P 71%, L 47%, P 56%, V 24%, [DIV] 18%, D 38%, V 26%, V 24%, V 18%, V 9%, Q 6%, T 6%, L 6%
Occupancy,4.0, 5.0, 8.0, 8.0, 28.0, 33.0, 33.0, 33.0, 33.0, 16.0, 33.0, 33.0, 33.0, 33.0, 33.0, 34.0, 34.0, 34.0, 34.0, 34.0, 34.0, 34.0, 34.0, 34.0, 34.0, 34.0, 34.0, 34.0, 34.0, 34.0, 34.0, 34.0, 34.0, 34.0, 34.0, 34.0, 34.0, 34.0, 34.0, 34.0, 34.0, 34.0, 34.0, 34.0, 34.0, 34.0, 34.0, 34.0, 34.0, 34.0, 34.0, 34.0, 34.0, 34.0, 34.0, 34.0, 34.0, 34.0, 34.0, 34.0, 34.0, 34.0, 34.0, 34.0, 34.0, 34.0, 34.0, 34.0, 34.0, 34.0, 14.0, 14.0, 16.0, 15.0, 16.0, 3.0, 32.0, 32.0, 34.0, 34.0, 34.0, 34.0, 34.0, 31.0, 30.0, 30.0, 20.0, 11.0, 6.0, 2.0, 2.0, 2.0
SHENKIN,7.7178, 9.6752, 10.6064, 9.854, 12.6035, 34.0099, 32.6193, 40.45, 25.1096, 19.1923, 36.5638, 20.7884, 18.6355, 34.5669, 27.2529, 31.6345, 14.8984, 23.8598, 13.92, 37.442, 19.8364, 20.3684, 19.0276, 28.4564, 27.3696, 27.6812, 24.0518, 26.2365, 37.0697, 28.1919, 19.5501, 16.3786, 21.0392, 30.1982, 27.4294, 12.4264, 26.3972, 13.4641, 32.9403, 35.3065, 24.1805, 21.7386, 8.5537, 9.7405, 31.1889, 35.2679, 12.8157, 18.5561, 43.4363, 27.1029, 36.1268, 23.165, 34.4631, 36.1596, 16.5993, 28.9857, 50.5792, 6.0, 27.384, 49.4542, 39.8852, 21.9238, 8.619, 45.4833, 45.7765, 21.8453, 20.7205, 32.5464, 29.0437, 17.1029, 17.2196, 14.9738, 15.9279, 16.0741, 17.1183, 7.8627, 44.1178, 26.7325, 33.1185, 16.2708, 32.3924, 17.3942, 47.6789, 45.7754, 29.5196, 33.9239, 22.2288, 12.4225, 9.741, 7.0881, 7.0881, 7.0881
Human_Quality,NA,NA,NA,NA, 6.470297, 2.7240515, 0.7248892, 1.0988274, 3.7912114, 1.422362, 2.3743017, 4.426223, 2.5785787, 1.4950382, 0.0, 3.5014079, 6.308503, 2.360514, 4.858009, 2.098926, 5.028718, 5.1422157, 1.7958479, 2.4250891, 5.0739784, 3.8396356, 2.137544, 5.0669866, 5.0530424, 2.2089894, 4.3290443, 6.020775, 5.054831, 3.0608857, 5.618704, 5.6609397, 4.3858995, 6.180455, 4.235155, 4.128808, 4.099301, 5.709222, 6.470297, 6.470297, 3.0297267, 1.7058839, 3.999764, 0.15991431, 0.73260444, 2.2308125, 2.0624685, 5.820097, 1.8954524, 2.559564, 5.953233, 3.4150567, 4.1210713, 6.470297, 3.6241684, 1.5931181, 1.7809646, 6.1363006, 5.814549, 2.083582, 2.995637, 1.8308651, 2.8666015, 2.813772, 2.9796991, 1.5408527, 3.1993303, 2.8241267, 3.374141,NA, 1.4466689,NA,NA,NA, 4.0768714, 0.10416978, 1.9059519, 0.4326889, 0.085653536,NA,NA,NA,NA,NA,NA,NA,NA,NA
Human_Consensus,NA,NA,NA,NA, 100.0, 28.571428, 28.571428, 42.857143, 42.857143, 28.571428, 42.857143, 57.142857, 57.142857, 42.857143, 28.571428, 42.857143, 71.42857, 57.142857, 71.42857, 42.857143, 28.571428, 57.142857, 42.857143, 28.571428, 57.142857, 42.857143, 42.857143, 28.571428, 42.857143, 42.857143, 71.42857, 57.142857, 71.42857, 28.571428, 28.571428, 71.42857, 57.142857, 71.42857, 42.857143, 42.857143, 42.857143, 42.857143, 100.0, 100.0, 28.571428, 42.857143, 71.42857, 57.142857, 28.571428, 42.857143, 42.857143, 85.71429, 28.571428, 28.571428, 57.142857, 42.857143, 28.571428, 100.0, 42.857143, 14.285714, 71.42857, 71.42857, 71.42857, 28.571428, 57.142857, 42.857143, 28.571428, 28.571428, 42.857143, 71.42857, 28.571428, 57.142857, 28.571428,NA, 42.857143,NA,NA,NA, 85.71429, 28.571428, 42.857143, 57.142857, 42.857143,NA,NA,NA,NA,NA,NA,NA,NA,NA
Human_Consensus_seq,NA,NA,NA,NA, M 100%, [FY] 29%, [DLS] 29%, F 43%, V 43%, S 29%, E 43%, D 57%, T 57%, G 43%, [TW] 29%, L 43%, I 71%, V 57%, N 71%, S 43%, [ILV] 29%, L 57%, L 43%, [FV] 29%, L 57%, V 43%, C 43%, [ILV] 29%, V 43%, F 43%, L 71%, L 57%, V 71%, [CTV] 29%, [LMV] 29%, A 71%, F 57%, L 71%, T 43%, A 43%, I 43%, [KR] 43%, L 100%, C 100%, [AF] 29%, Q 43%, C 71%, C 57%, [GN] 29%, F 43%, C 43%, N 86%, [RTV] 29%, [LST] 29%, L 57%, V 43%, [KQS] 29%, P 100%, S 43%, [AFIKLVY] 14%, Y 71%, V 71%, Y 71%, [NS] 29%, R 57%, G 43%, [KR] 29%, [NQ] 29%, L 43%, Y 71%, [QS] 29%, S 57%, [DE] 29%,NA, V 43%,NA,NA,NA, P 86%, [DP] 29%, V 43%, L 57%, V 43%,NA,NA,NA,NA,NA,NA,NA,NA,NA
Human_Occupancy,NA,NA,NA,NA, 7.0, 7.0, 7.0, 7.0, 7.0, 7.0, 5.0, 7.0, 7.0, 7.0, 7.0, 7.0, 7.0, 7.0, 7.0, 7.0, 7.0, 7.0, 7.0, 7.0, 7.0, 7.0, 7.0, 7.0, 7.0, 7.0, 7.0, 7.0, 7.0, 7.0, 7.0, 7.0, 7.0, 7.0, 7.0, 7.0, 7.0, 7.0, 7.0, 7.0, 7.0, 7.0, 7.0, 7.0, 7.0, 7.0, 7.0, 7.0, 7.0, 7.0, 7.0, 7.0, 7.0, 7.0, 7.0, 7.0, 7.0, 7.0, 7.0, 7.0, 7.0, 5.0, 5.0, 5.0, 5.0, 7.0, 7.0, 7.0, 7.0,NA, 7.0,NA,NA,NA, 7.0, 6.0, 7.0, 7.0, 7.0,NA,NA,NA,NA,NA,NA,NA,NA,NA
Human_SHENKIN,NA,NA,NA,NA, 6.0, 28.2639, 23.1859, 26.2282, 21.5159, 34.4541, 15.0422, 15.6029, 15.6029, 26.2282, 28.2639, 21.5159, 10.9138, 15.6029, 10.9138, 21.5159, 23.1859, 19.0202, 21.5159, 28.2639, 15.6029, 21.5159, 21.5159, 23.1859, 21.5159, 26.2282, 13.3041, 15.6029, 13.3041, 23.1859, 23.1859, 10.9138, 11.8778, 10.9138, 17.6503, 17.6503, 21.5159, 16.379, 6.0, 6.0, 28.2639, 17.6503, 10.9138, 15.6029, 28.2639, 21.5159, 17.6503, 9.042, 23.1859, 23.1859, 15.6029, 21.5159, 23.1859, 6.0, 26.2282, 42.0, 13.3041, 13.3041, 10.9138, 28.2639, 19.0202, 12.3397, 16.2097, 16.2097, 15.0422, 10.9138, 28.2639, 19.0202, 28.2639,NA, 21.5159,NA,NA,NA, 9.042, 21.4044, 21.5159, 19.0202, 21.5159,NA,NA,NA,NA,NA,NA,NA,NA,NA
