SARS-CoV-2,M,S,D,N,-,-,-,-,-,-,-,G,P,Q,-,N,Q,R,N,-,-,-,-,A,P,-,R,I,T,F,-,-,G,G,P,S,D,S,T,-,-,-,-,-,-,-,-,-,-,-,G,S,N,Q,N,-,-,G,E,R,S,-,G,A,R,S,K,Q,R,R,-,-,-,-,-,P,Q,G,L,P,N,N,T,A,S,W,F,T,A,L,T,Q,H,G,K,-,E,D,L,K,F,P,R,G,Q,G,V,P,I,N,T,N,S,S,P,D,D,Q,I,G,Y,Y,R,R,A,T,-,R,R,I,R,G,G,D,G,K,M,K,D,L,S,P,R,W,Y,F,Y,Y,L,G,T,G,P,E,A,G,L,P,Y,G,A,N,K,D,G,I,I,W,V,A,T,E,G,A,L,N,T,P,K,-,-,D,H,I,G,T,R,N,P,A,N,N,A,A,I,V,L,Q,L,P,Q,G,T,T,L,P,K,G,F,Y,A,E,G,S,R,-,G,G,S,Q,A,S,S,R,S,S,S,R,S,R,N,S,S,R,-,-,-,-,-,N,S,T,P,G,-,-,-,-,-,-,-,-,-,-,-,-,-,-,-,-,-,-,-,-,-,-,-,-,-,-,-,-,-,-,-,-,-,-,-,-,-,-,-,-,-,S,S,R,G,T,S,P,A,R,M,A,G,N,G,G,D,-,A,A,L,A,L,L,L,L,D,R,L,N,Q,L,E,S,K,M,S,G,K,G,Q,Q,-,Q,-,-,-,-,-,-,-,-,-,-,-,-,-,-,-,Q,G,Q,T,-,-,-,-,-,-,V,T,K,-,-,-,-,-,-,-,K,-,-,S,A,A,E,A,S,-,-,-,-,K,K,P,R,Q,K,R,T,A,T,K,A,-,-,Y,N,V,T,Q,A,F,G,R,R,G,P,E,Q,T,Q,G,N,F,G,D,Q,E,L,I,R,Q,G,T,D,Y,K,H,W,P,Q,I,A,Q,F,A,P,S,A,S,A,F,F,G,M,S,R,I,G,M,E,V,T,-,-,-,-,-,-,-,-,-,-,-,P,S,G,T,W,L,T,Y,T,G,A,I,K,L,D,D,K,D,P,N,F,K,D,Q,V,I,L,L,N,K,H,I,D,A,Y,K,T,F,P,P,T,E,-,-,-,-,-,-,-,-,-,-,P,K,K,D,K,K,K,K,A,D,-,-,-,-,-,-,E,T,Q,A,-,-,-,-,-,-,-,-,-,-,-,-,-,-,L,P,Q,R,Q,K,-,-,-,-,-,-,K,-,-,-,Q,Q,T,V,T,L,L,P,A,A,D,L,D,D,F,S,K,Q,L,Q,-,-,-,-,-,-,Q,-,-,-,-,-,-,-,-,-,-,-,S,M,S,S,A,D,S,T,Q,A,-,-,-,-,-
SARS-CoV,M,S,D,N,-,-,-,-,-,-,-,G,P,Q,S,N,Q,R,S,-,-,-,-,A,P,-,R,I,T,F,-,-,G,G,P,T,D,S,T,-,-,-,-,-,-,-,-,-,-,-,D,N,N,Q,N,-,-,G,G,R,N,-,G,A,R,P,K,Q,R,R,-,-,-,-,-,P,Q,G,L,P,N,N,T,A,S,W,F,T,A,L,T,Q,H,G,K,-,E,E,L,R,F,P,R,G,Q,G,V,P,I,N,T,N,S,G,P,D,D,Q,I,G,Y,Y,R,R,A,T,-,R,R,V,R,G,G,D,G,K,M,K,E,L,S,P,R,W,Y,F,Y,Y,L,G,T,G,P,E,A,S,L,P,Y,G,A,N,K,E,G,I,V,W,V,A,T,E,G,A,L,N,T,P,K,-,-,D,H,I,G,T,R,N,P,N,N,N,A,A,T,V,L,Q,L,P,Q,G,T,T,L,P,K,G,F,Y,A,E,G,S,R,-,G,G,S,Q,A,S,S,R,S,S,S,R,S,R,G,N,S,R,-,-,-,-,-,N,S,T,P,G,-,-,-,-,-,-,-,-,-,-,-,-,-,-,-,-,-,-,-,-,-,-,-,-,-,-,-,-,-,-,-,-,-,-,-,-,-,-,-,-,-,S,S,R,G,N,S,P,A,R,M,A,S,G,G,G,E,-,T,A,L,A,L,L,L,L,D,R,L,N,Q,L,E,S,K,V,S,G,K,G,Q,Q,-,Q,-,-,-,-,-,-,-,-,-,-,-,-,-,-,-,Q,G,Q,T,-,-,-,-,-,-,V,T,K,-,-,-,-,-,-,-,K,-,-,S,A,A,E,A,S,-,-,-,-,K,K,P,R,Q,K,R,T,A,T,K,Q,-,-,Y,N,V,T,Q,A,F,G,R,R,G,P,E,Q,T,Q,G,N,F,G,D,Q,D,L,I,R,Q,G,T,D,Y,K,H,W,P,Q,I,A,Q,F,A,P,S,A,S,A,F,F,G,M,S,R,I,G,M,E,V,T,-,-,-,-,-,-,-,-,-,-,-,P,S,G,T,W,L,T,Y,H,G,A,I,K,L,D,D,K,D,P,Q,F,K,D,N,V,I,L,L,N,K,H,I,D,A,Y,K,T,F,P,P,T,E,-,-,-,-,-,-,-,-,-,-,P,K,K,D,K,K,K,K,T,D,-,-,-,-,-,-,E,A,Q,P,-,-,-,-,-,-,-,-,-,-,-,-,-,-,L,P,Q,R,Q,K,-,-,-,-,-,-,K,-,-,-,Q,P,T,V,T,L,L,P,A,A,D,M,D,D,F,S,R,Q,L,Q,-,-,-,-,-,-,N,-,-,-,-,-,-,-,-,-,-,-,S,M,S,G,A,S,A,D,S,T,Q,A,-,-,-
Human-CoV cons,0.0, 0.0, 0.0, 0.0, 0.0, 0.0, 0.0, 0.0, 0.0, 0.0, 0.0, 0.0, 0.0, 0.0, 0.0, 0.0, 0.0, 0.0, 0.0, 0.0, 0.0, 0.0, 0.0, 0.0, 6.0, 0.0, 0.0, 1.0, 1.0, 9.0, 0.0, 0.0, 0.0, 0.0, 0.0, 7.0, 11.0, 0.0, 2.0, 0.0, 0.0, 0.0, 0.0, 0.0, 0.0, 0.0, 0.0, 0.0, 0.0, 0.0, 0.0, 0.0, 0.0, 2.0, 0.0, 0.0, 0.0, 0.0, 3.0, 3.0, 6.0, 0.0, 0.0, 0.0, 0.0, 0.0, 0.0, 0.0, 4.0, 0.0, 0.0, 0.0, 0.0, 0.0, 0.0, 0.0, 0.0, 0.0, 0.0, 2.0, 3.0, 5.0, 3.0, 3.0, 11.0, 7.0, 9.0, 6.0, 7.0, 10.0, 7.0, 6.0, 2.0, 6.0, 6.0, 0.0, 0.0, 5.0, 7.0, 5.0, 7.0, 4.0, 4.0, 4.0, 9.0, 7.0, 11.0, 11.0, 9.0, 7.0, 2.0, 4.0, 4.0, 0.0, 3.0, 5.0, 5.0, 5.0, 4.0, 11.0, 11.0, 10.0, 5.0, 4.0, 3.0, 4.0, 0.0, 0.0, 5.0, 6.0, 6.0, 7.0, 4.0, 5.0, 11.0, 1.0, 5.0, 4.0, 7.0, 11.0, 4.0, 11.0, 9.0, 6.0, 8.0, 11.0, 11.0, 11.0, 7.0, 11.0, 11.0, 11.0, 11.0, 5.0, 5.0, 3.0, 3.0, 3.0, 9.0, 4.0, 4.0, 2.0, 3.0, 9.0, 11.0, 9.0, 6.0, 11.0, 11.0, 4.0, 2.0, 4.0, 6.0, 11.0, 3.0, 5.0, 3.0, 7.0, 3.0, 0.0, 0.0, 0.0, 2.0, 6.0, 6.0, 4.0, 11.0, 5.0, 4.0, 7.0, 7.0, 5.0, 3.0, 0.0, 4.0, 3.0, 5.0, 6.0, 8.0, 6.0, 5.0, 5.0, 0.0, 0.0, 11.0, 11.0, 4.0, 4.0, 6.0, 4.0, 7.0, 3.0, 4.0, 3.0, 2.0, 0.0, 3.0, 4.0, 8.0, 6.0, 0.0, 6.0, 11.0, 8.0, 6.0, 4.0, 0.0, 0.0, 11.0, 6.0, 7.0, 6.0, 6.0, 6.0, 0.0, 0.0, 0.0, 0.0, 0.0, 7.0, 3.0, 8.0, 5.0, 0.0, 0.0, 0.0, 0.0, 0.0, 0.0, 0.0, 0.0, 0.0, 0.0, 0.0, 0.0, 0.0, 0.0, 0.0, 0.0, 0.0, 0.0, 0.0, 0.0, 0.0, 0.0, 0.0, 0.0, 0.0, 0.0, 0.0, 0.0, 0.0, 0.0, 0.0, 0.0, 0.0, 0.0, 0.0, 0.0, 0.0, 0.0, 0.0, 0.0, 0.0, 0.0, 0.0, 0.0, 0.0, 0.0, 0.0, 0.0, 1.0, 1.0, 0.0, 0.0, 0.0, 3.0, 0.0, 2.0, 5.0, 4.0, 0.0, 5.0, 0.0, 2.0, 1.0, 3.0, 7.0, 6.0, 6.0, 3.0, 3.0, 11.0, 4.0, 0.0, 0.0, 0.0, 0.0, 0.0, 0.0, 0.0, 0.0, 7.0, 0.0, 0.0, 1.0, 0.0, 0.0, 0.0, 0.0, 0.0, 0.0, 0.0, 0.0, 0.0, 0.0, 0.0, 0.0, 0.0, 0.0, 0.0, 0.0, 0.0, 6.0, 7.0, 5.0, 4.0, 0.0, 0.0, 0.0, 0.0, 0.0, 0.0, 5.0, 6.0, 1.0, 0.0, 0.0, 0.0, 0.0, 0.0, 0.0, 0.0, 1.0, 0.0, 0.0, 2.0, 0.0, 4.0, 3.0, 3.0, 5.0, 0.0, 0.0, 0.0, 0.0, 6.0, 11.0, 7.0, 11.0, 6.0, 11.0, 11.0, 5.0, 6.0, 9.0, 6.0, 2.0, 0.0, 0.0, 3.0, 9.0, 8.0, 6.0, 11.0, 9.0, 11.0, 11.0, 3.0, 11.0, 5.0, 5.0, 4.0, 4.0, 0.0, 0.0, 0.0, 11.0, 9.0, 11.0, 5.0, 5.0, 4.0, 8.0, 6.0, 4.0, 6.0, 11.0, 8.0, 4.0, 3.0, 4.0, 3.0, 9.0, 11.0, 7.0, 8.0, 11.0, 8.0, 8.0, 7.0, 11.0, 8.0, 5.0, 8.0, 11.0, 8.0, 8.0, 7.0, 4.0, 11.0, 5.0, 7.0, 2.0, 5.0, 2.0, 2.0, 0.0, 0.0, 0.0, 0.0, 0.0, 0.0, 0.0, 0.0, 0.0, 0.0, 0.0, 0.0, 3.0, 5.0, 6.0, 6.0, 3.0, 10.0, 5.0, 9.0, 4.0, 6.0, 4.0, 8.0, 4.0, 7.0, 4.0, 2.0, 5.0, 2.0, 3.0, 3.0, 7.0, 2.0, 5.0, 5.0, 8.0, 0.0, 0.0, 0.0, 0.0, 6.0, 4.0, 10.0, 7.0, 11.0, 9.0, 4.0, 6.0, 2.0, 3.0, 3.0, 4.0, 0.0, 0.0, 0.0, 0.0, 0.0, 0.0, 0.0, 0.0, 0.0, 0.0, 0.0, 0.0, 1.0, 1.0, 0.0, 1.0, 0.0, 0.0, 0.0, 0.0, 0.0, 0.0, 0.0, 0.0, 0.0, 0.0, 0.0, 0.0, 0.0, 1.0, 1.0, 0.0, 0.0, 0.0, 0.0, 0.0, 0.0, 0.0, 0.0, 0.0, 0.0, 0.0, 0.0, 0.0, 0.0, 0.0, 1.0, 0.0, 0.0, 0.0, 0.0, 0.0, 0.0, 0.0, 0.0, 0.0, 0.0, 0.0, 0.0, 0.0, 0.0, 0.0, 0.0, 1.0, 0.0, 4.0, 0.0, 0.0, 0.0, 0.0, 0.0, 0.0, 0.0, 7.0, 7.0, 1.0, 6.0, 3.0, 4.0, 3.0, 0.0, 0.0, 0.0, 0.0, 0.0, 0.0, 0.0, 0.0, 0.0, 0.0, 0.0, 0.0, 0.0, 0.0, 0.0, 0.0, 0.0, 0.0, 0.0, 0.0, 0.0, 0.0, 0.0, 0.0, 0.0, 0.0, 0.0, 0.0, 0.0, 0.0, 0.0, 0.0, 0.0, 0.0
Beta-CoV cons,11.0, 8.0, 2.0, 0.0, 0.0, 0.0, 0.0, 0.0, 0.0, 0.0, 0.0, 0.0, 0.0, 0.0, 0.0, 0.0, 0.0, 0.0, 2.0, 0.0, 0.0, 0.0, 0.0, 4.0, 5.0, 0.0, 0.0, 0.0, 0.0, 9.0, 0.0, 0.0, 0.0, 0.0, 0.0, 7.0, 6.0, 6.0, 5.0, 0.0, 0.0, 0.0, 0.0, 0.0, 0.0, 0.0, 0.0, 0.0, 0.0, 0.0, 4.0, 2.0, 0.0, 2.0, 8.0, 0.0, 0.0, 0.0, 3.0, 3.0, 4.0, 0.0, 0.0, 7.0, 4.0, 0.0, 4.0, 3.0, 3.0, 3.0, 0.0, 0.0, 0.0, 0.0, 0.0, 6.0, 4.0, 7.0, 5.0, 6.0, 5.0, 5.0, 3.0, 5.0, 11.0, 11.0, 9.0, 7.0, 7.0, 10.0, 8.0, 11.0, 5.0, 6.0, 11.0, 0.0, 2.0, 3.0, 8.0, 3.0, 11.0, 2.0, 1.0, 11.0, 8.0, 11.0, 11.0, 11.0, 9.0, 7.0, 4.0, 7.0, 3.0, 4.0, 6.0, 3.0, 4.0, 3.0, 3.0, 11.0, 11.0, 10.0, 4.0, 11.0, 3.0, 3.0, 0.0, 9.0, 5.0, 6.0, 6.0, 1.0, 3.0, 2.0, 11.0, 0.0, 4.0, 4.0, 2.0, 7.0, 3.0, 11.0, 11.0, 11.0, 9.0, 11.0, 11.0, 11.0, 7.0, 11.0, 11.0, 11.0, 5.0, 4.0, 6.0, 3.0, 2.0, 3.0, 9.0, 3.0, 4.0, 2.0, 4.0, 5.0, 5.0, 9.0, 6.0, 11.0, 11.0, 4.0, 3.0, 1.0, 6.0, 8.0, 3.0, 4.0, 3.0, 3.0, 2.0, 0.0, 0.0, 0.0, 2.0, 7.0, 4.0, 5.0, 11.0, 8.0, 11.0, 7.0, 8.0, 4.0, 3.0, 11.0, 4.0, 7.0, 6.0, 4.0, 8.0, 7.0, 3.0, 11.0, 3.0, 0.0, 10.0, 11.0, 7.0, 7.0, 7.0, 8.0, 7.0, 11.0, 11.0, 5.0, 4.0, 0.0, 4.0, 4.0, 7.0, 6.0, 0.0, 4.0, 11.0, 4.0, 6.0, 1.0, 0.0, 0.0, 3.0, 7.0, 7.0, 6.0, 11.0, 11.0, 0.0, 0.0, 0.0, 0.0, 0.0, 7.0, 6.0, 2.0, 0.0, 0.0, 0.0, 0.0, 0.0, 0.0, 0.0, 1.0, 0.0, 0.0, 0.0, 0.0, 0.0, 0.0, 0.0, 0.0, 0.0, 0.0, 0.0, 0.0, 0.0, 0.0, 0.0, 0.0, 0.0, 0.0, 0.0, 0.0, 0.0, 0.0, 0.0, 0.0, 0.0, 0.0, 0.0, 0.0, 0.0, 0.0, 0.0, 0.0, 0.0, 0.0, 1.0, 4.0, 7.0, 0.0, 0.0, 2.0, 2.0, 7.0, 4.0, 0.0, 0.0, 1.0, 0.0, 1.0, 0.0, 0.0, 0.0, 0.0, 3.0, 0.0, 0.0, 1.0, 4.0, 6.0, 6.0, 9.0, 4.0, 5.0, 5.0, 3.0, 0.0, 0.0, 0.0, 0.0, 0.0, 0.0, 0.0, 0.0, 4.0, 0.0, 0.0, 0.0, 0.0, 0.0, 0.0, 0.0, 0.0, 0.0, 0.0, 0.0, 0.0, 0.0, 0.0, 0.0, 0.0, 0.0, 0.0, 0.0, 0.0, 4.0, 7.0, 3.0, 4.0, 0.0, 0.0, 0.0, 0.0, 0.0, 0.0, 9.0, 11.0, 11.0, 0.0, 0.0, 0.0, 0.0, 0.0, 0.0, 0.0, 5.0, 0.0, 0.0, 4.0, 11.0, 4.0, 4.0, 5.0, 4.0, 0.0, 0.0, 0.0, 0.0, 3.0, 11.0, 6.0, 11.0, 6.0, 11.0, 11.0, 6.0, 6.0, 5.0, 11.0, 3.0, 0.0, 0.0, 5.0, 6.0, 6.0, 6.0, 5.0, 7.0, 9.0, 11.0, 5.0, 11.0, 11.0, 11.0, 4.0, 5.0, 0.0, 0.0, 0.0, 11.0, 11.0, 11.0, 5.0, 2.0, 4.0, 7.0, 6.0, 9.0, 4.0, 11.0, 8.0, 6.0, 5.0, 4.0, 6.0, 9.0, 7.0, 5.0, 7.0, 11.0, 8.0, 8.0, 11.0, 11.0, 8.0, 6.0, 8.0, 8.0, 11.0, 8.0, 5.0, 7.0, 11.0, 6.0, 8.0, 3.0, 7.0, 2.0, 2.0, 2.0, 0.0, 0.0, 0.0, 0.0, 0.0, 0.0, 0.0, 0.0, 0.0, 0.0, 0.0, 3.0, 5.0, 7.0, 6.0, 5.0, 11.0, 4.0, 11.0, 4.0, 11.0, 3.0, 9.0, 9.0, 8.0, 6.0, 2.0, 4.0, 4.0, 7.0, 6.0, 9.0, 3.0, 3.0, 5.0, 7.0, 3.0, 4.0, 9.0, 3.0, 3.0, 5.0, 9.0, 8.0, 11.0, 11.0, 4.0, 3.0, 0.0, 3.0, 2.0, 4.0, 0.0, 0.0, 0.0, 0.0, 0.0, 0.0, 0.0, 0.0, 0.0, 0.0, 0.0, 2.0, 7.0, 2.0, 3.0, 1.0, 0.0, 0.0, 3.0, 0.0, 0.0, 0.0, 0.0, 0.0, 0.0, 0.0, 0.0, 2.0, 0.0, 0.0, 0.0, 0.0, 0.0, 0.0, 0.0, 0.0, 0.0, 0.0, 0.0, 0.0, 0.0, 0.0, 0.0, 0.0, 0.0, 0.0, 0.0, 0.0, 1.0, 0.0, 0.0, 0.0, 0.0, 0.0, 0.0, 0.0, 0.0, 0.0, 0.0, 0.0, 0.0, 0.0, 0.0, 0.0, 0.0, 5.0, 1.0, 2.0, 4.0, 2.0, 4.0, 3.0, 4.0, 3.0, 0.0, 2.0, 4.0, 1.0, 2.0, 0.0, 0.0, 0.0, 0.0, 0.0, 0.0, 0.0, 0.0, 0.0, 0.0, 0.0, 0.0, 0.0, 0.0, 0.0, 0.0, 0.0, 0.0, 0.0, 0.0, 0.0, 0.0, 0.0, 0.0, 0.0, 0.0, 0.0, 0.0, 0.0, 0.0, 0.0, 0.0, 0.0, 0.0, 0.0
Alpha-CoV cons,0.0, 0.0, 0.0, 0.0, 0.0, 0.0, 0.0, 0.0, 0.0, 0.0, 0.0, 0.0, 0.0, 0.0, 0.0, 0.0, 0.0, 0.0, 0.0, 0.0, 0.0, 0.0, 0.0, 0.0, 4.0, 6.0, 5.0, 11.0, 4.0, 9.0, 0.0, 0.0, 0.0, 0.0, 0.0, 4.0, 2.0, 0.0, 0.0, 0.0, 0.0, 0.0, 0.0, 0.0, 0.0, 0.0, 0.0, 0.0, 0.0, 0.0, 0.0, 0.0, 0.0, 0.0, 0.0, 0.0, 0.0, 0.0, 4.0, 6.0, 3.0, 0.0, 0.0, 0.0, 0.0, 0.0, 0.0, 0.0, 1.0, 0.0, 0.0, 0.0, 0.0, 0.0, 0.0, 0.0, 0.0, 0.0, 0.0, 3.0, 2.0, 5.0, 5.0, 4.0, 11.0, 7.0, 9.0, 5.0, 7.0, 9.0, 4.0, 2.0, 3.0, 4.0, 3.0, 4.0, 0.0, 5.0, 4.0, 5.0, 5.0, 7.0, 7.0, 3.0, 7.0, 6.0, 11.0, 11.0, 4.0, 7.0, 4.0, 5.0, 5.0, 0.0, 3.0, 3.0, 6.0, 7.0, 8.0, 11.0, 11.0, 11.0, 5.0, 3.0, 6.0, 2.0, 0.0, 0.0, 4.0, 9.0, 8.0, 7.0, 4.0, 9.0, 11.0, 5.0, 9.0, 4.0, 5.0, 4.0, 4.0, 4.0, 3.0, 6.0, 7.0, 11.0, 11.0, 9.0, 5.0, 11.0, 11.0, 11.0, 11.0, 6.0, 3.0, 7.0, 3.0, 3.0, 9.0, 4.0, 5.0, 4.0, 5.0, 3.0, 5.0, 11.0, 4.0, 11.0, 11.0, 4.0, 4.0, 3.0, 7.0, 8.0, 4.0, 5.0, 2.0, 8.0, 7.0, 0.0, 0.0, 0.0, 5.0, 7.0, 7.0, 6.0, 11.0, 3.0, 4.0, 4.0, 3.0, 2.0, 4.0, 0.0, 2.0, 1.0, 5.0, 2.0, 8.0, 0.0, 3.0, 3.0, 0.0, 0.0, 9.0, 11.0, 2.0, 3.0, 7.0, 3.0, 7.0, 3.0, 4.0, 1.0, 0.0, 0.0, 4.0, 0.0, 0.0, 0.0, 2.0, 1.0, 2.0, 0.0, 7.0, 6.0, 7.0, 8.0, 6.0, 3.0, 7.0, 3.0, 0.0, 0.0, 0.0, 0.0, 0.0, 0.0, 0.0, 1.0, 0.0, 1.0, 0.0, 1.0, 1.0, 0.0, 0.0, 0.0, 0.0, 0.0, 0.0, 0.0, 0.0, 0.0, 0.0, 0.0, 0.0, 0.0, 0.0, 0.0, 0.0, 0.0, 0.0, 0.0, 0.0, 0.0, 0.0, 0.0, 0.0, 0.0, 0.0, 0.0, 0.0, 0.0, 0.0, 0.0, 0.0, 0.0, 0.0, 0.0, 0.0, 0.0, 0.0, 0.0, 0.0, 0.0, 0.0, 0.0, 0.0, 0.0, 0.0, 0.0, 0.0, 0.0, 0.0, 0.0, 0.0, 0.0, 1.0, 3.0, 0.0, 3.0, 3.0, 5.0, 9.0, 2.0, 3.0, 7.0, 9.0, 3.0, 2.0, 7.0, 11.0, 2.0, 3.0, 7.0, 11.0, 7.0, 3.0, 2.0, 0.0, 0.0, 0.0, 0.0, 0.0, 0.0, 0.0, 0.0, 0.0, 0.0, 0.0, 0.0, 0.0, 0.0, 0.0, 0.0, 0.0, 0.0, 0.0, 1.0, 0.0, 0.0, 0.0, 0.0, 0.0, 0.0, 0.0, 0.0, 0.0, 0.0, 0.0, 0.0, 0.0, 0.0, 0.0, 0.0, 0.0, 0.0, 0.0, 0.0, 0.0, 0.0, 0.0, 0.0, 0.0, 0.0, 0.0, 0.0, 0.0, 0.0, 1.0, 0.0, 3.0, 3.0, 3.0, 2.0, 3.0, 5.0, 2.0, 1.0, 11.0, 9.0, 9.0, 4.0, 7.0, 2.0, 2.0, 4.0, 0.0, 0.0, 0.0, 5.0, 8.0, 2.0, 3.0, 8.0, 9.0, 11.0, 2.0, 11.0, 3.0, 1.0, 1.0, 3.0, 0.0, 0.0, 0.0, 11.0, 8.0, 11.0, 6.0, 3.0, 3.0, 6.0, 9.0, 3.0, 1.0, 11.0, 5.0, 3.0, 2.0, 3.0, 3.0, 9.0, 3.0, 7.0, 5.0, 8.0, 3.0, 6.0, 6.0, 11.0, 7.0, 4.0, 8.0, 8.0, 5.0, 6.0, 11.0, 5.0, 8.0, 3.0, 6.0, 3.0, 6.0, 1.0, 9.0, 0.0, 0.0, 0.0, 0.0, 0.0, 0.0, 0.0, 0.0, 0.0, 0.0, 0.0, 0.0, 3.0, 5.0, 2.0, 4.0, 3.0, 9.0, 4.0, 6.0, 3.0, 6.0, 3.0, 6.0, 1.0, 9.0, 1.0, 4.0, 4.0, 3.0, 0.0, 2.0, 6.0, 3.0, 2.0, 8.0, 9.0, 0.0, 0.0, 0.0, 0.0, 2.0, 4.0, 9.0, 5.0, 11.0, 9.0, 3.0, 3.0, 3.0, 2.0, 1.0, 1.0, 0.0, 0.0, 0.0, 0.0, 0.0, 0.0, 0.0, 0.0, 0.0, 0.0, 0.0, 0.0, 0.0, 0.0, 0.0, 0.0, 0.0, 0.0, 0.0, 0.0, 0.0, 0.0, 0.0, 0.0, 0.0, 0.0, 0.0, 0.0, 0.0, 0.0, 0.0, 0.0, 3.0, 1.0, 0.0, 0.0, 0.0, 0.0, 0.0, 0.0, 0.0, 0.0, 0.0, 0.0, 0.0, 0.0, 0.0, 0.0, 0.0, 0.0, 0.0, 0.0, 0.0, 0.0, 0.0, 0.0, 0.0, 0.0, 0.0, 0.0, 0.0, 0.0, 0.0, 0.0, 0.0, 0.0, 0.0, 0.0, 0.0, 0.0, 0.0, 0.0, 0.0, 0.0, 0.0, 0.0, 0.0, 0.0, 0.0, 3.0, 9.0, 8.0, 0.0, 0.0, 0.0, 0.0, 0.0, 0.0, 0.0, 0.0, 0.0, 0.0, 0.0, 0.0, 0.0, 0.0, 0.0, 7.0, 8.0, 5.0, 7.0, 5.0, 0.0, 0.0, 0.0, 0.0, 0.0, 0.0, 0.0, 0.0, 0.0, 0.0, 0.0, 0.0
Conservation,0.0, 0.0, 0.0, 0.0, 0.0, 0.0, 0.0, 0.0, 0.0, 0.0, 0.0, 0.0, 0.0, 0.0, 0.0, 0.0, 0.0, 0.0, 0.0, 0.0, 0.0, 0.0, 0.0, 0.0, 5.0, 0.0, 0.0, 1.0, 1.0, 9.0, 0.0, 0.0, 0.0, 0.0, 0.0, 4.0, 8.0, 0.0, 0.0, 0.0, 0.0, 0.0, 0.0, 0.0, 0.0, 0.0, 0.0, 0.0, 0.0, 0.0, 0.0, 0.0, 0.0, 0.0, 0.0, 0.0, 0.0, 0.0, 4.0, 4.0, 6.0, 0.0, 0.0, 0.0, 0.0, 0.0, 0.0, 0.0, 2.0, 0.0, 0.0, 0.0, 0.0, 0.0, 0.0, 0.0, 0.0, 0.0, 0.0, 2.0, 3.0, 5.0, 3.0, 3.0, 11.0, 7.0, 9.0, 6.0, 7.0, 9.0, 4.0, 3.0, 2.0, 4.0, 3.0, 0.0, 1.0, 2.0, 7.0, 3.0, 7.0, 5.0, 2.0, 4.0, 7.0, 6.0, 11.0, 11.0, 5.0, 7.0, 1.0, 7.0, 3.0, 0.0, 3.0, 3.0, 5.0, 4.0, 3.0, 11.0, 11.0, 10.0, 3.0, 3.0, 3.0, 1.0, 0.0, 0.0, 5.0, 6.0, 6.0, 4.0, 2.0, 1.0, 11.0, 1.0, 4.0, 4.0, 5.0, 5.0, 2.0, 4.0, 6.0, 6.0, 7.0, 11.0, 11.0, 9.0, 7.0, 11.0, 11.0, 11.0, 5.0, 5.0, 4.0, 3.0, 3.0, 3.0, 9.0, 4.0, 3.0, 2.0, 4.0, 5.0, 5.0, 9.0, 6.0, 11.0, 11.0, 4.0, 2.0, 3.0, 6.0, 8.0, 3.0, 4.0, 2.0, 7.0, 2.0, 0.0, 0.0, 0.0, 1.0, 7.0, 5.0, 3.0, 11.0, 3.0, 3.0, 7.0, 4.0, 4.0, 2.0, 0.0, 3.0, 3.0, 4.0, 6.0, 8.0, 4.0, 3.0, 4.0, 0.0, 0.0, 9.0, 11.0, 2.0, 4.0, 6.0, 4.0, 7.0, 4.0, 3.0, 2.0, 1.0, 0.0, 3.0, 0.0, 1.0, 0.0, 0.0, 0.0, 8.0, 6.0, 8.0, 0.0, 0.0, 0.0, 3.0, 6.0, 7.0, 4.0, 1.0, 1.0, 0.0, 0.0, 0.0, 0.0, 0.0, 7.0, 0.0, 2.0, 0.0, 1.0, 0.0, 0.0, 1.0, 0.0, 0.0, 0.0, 0.0, 0.0, 0.0, 0.0, 0.0, 0.0, 0.0, 0.0, 0.0, 0.0, 0.0, 0.0, 0.0, 0.0, 0.0, 0.0, 0.0, 0.0, 0.0, 0.0, 0.0, 0.0, 0.0, 0.0, 0.0, 0.0, 0.0, 0.0, 0.0, 0.0, 0.0, 0.0, 0.0, 0.0, 0.0, 0.0, 0.0, 0.0, 0.0, 0.0, 0.0, 0.0, 0.0, 0.0, 0.0, 0.0, 0.0, 0.0, 4.0, 1.0, 0.0, 0.0, 3.0, 3.0, 6.0, 3.0, 5.0, 5.0, 6.0, 3.0, 3.0, 3.0, 7.0, 3.0, 0.0, 1.0, 0.0, 0.0, 0.0, 0.0, 0.0, 0.0, 2.0, 0.0, 0.0, 0.0, 0.0, 0.0, 0.0, 0.0, 0.0, 0.0, 0.0, 0.0, 0.0, 0.0, 0.0, 0.0, 0.0, 0.0, 0.0, 0.0, 0.0, 1.0, 1.0, 0.0, 0.0, 0.0, 0.0, 0.0, 0.0, 0.0, 0.0, 0.0, 0.0, 0.0, 0.0, 0.0, 0.0, 0.0, 0.0, 0.0, 0.0, 0.0, 0.0, 0.0, 2.0, 2.0, 0.0, 3.0, 4.0, 3.0, 0.0, 0.0, 0.0, 0.0, 3.0, 9.0, 2.0, 2.0, 6.0, 9.0, 9.0, 6.0, 7.0, 2.0, 4.0, 4.0, 0.0, 0.0, 0.0, 4.0, 10.0, 3.0, 3.0, 5.0, 9.0, 11.0, 2.0, 11.0, 5.0, 3.0, 3.0, 1.0, 0.0, 0.0, 0.0, 11.0, 9.0, 11.0, 5.0, 5.0, 3.0, 6.0, 6.0, 4.0, 3.0, 11.0, 6.0, 3.0, 3.0, 3.0, 3.0, 9.0, 7.0, 5.0, 7.0, 10.0, 6.0, 7.0, 6.0, 11.0, 7.0, 4.0, 8.0, 8.0, 8.0, 6.0, 5.0, 4.0, 8.0, 4.0, 6.0, 2.0, 5.0, 2.0, 2.0, 0.0, 0.0, 0.0, 0.0, 0.0, 0.0, 0.0, 0.0, 0.0, 0.0, 0.0, 0.0, 2.0, 4.0, 2.0, 6.0, 3.0, 9.0, 4.0, 6.0, 2.0, 4.0, 4.0, 6.0, 3.0, 7.0, 6.0, 2.0, 4.0, 2.0, 3.0, 3.0, 6.0, 2.0, 2.0, 7.0, 8.0, 0.0, 0.0, 0.0, 0.0, 2.0, 5.0, 9.0, 5.0, 11.0, 9.0, 3.0, 5.0, 4.0, 4.0, 2.0, 2.0, 0.0, 0.0, 0.0, 0.0, 0.0, 0.0, 0.0, 0.0, 0.0, 0.0, 0.0, 0.0, 1.0, 0.0, 0.0, 0.0, 0.0, 0.0, 0.0, 0.0, 0.0, 0.0, 0.0, 0.0, 0.0, 0.0, 0.0, 0.0, 0.0, 0.0, 0.0, 0.0, 0.0, 0.0, 0.0, 0.0, 0.0, 0.0, 0.0, 0.0, 0.0, 0.0, 0.0, 0.0, 0.0, 0.0, 0.0, 0.0, 0.0, 0.0, 0.0, 0.0, 0.0, 0.0, 0.0, 0.0, 0.0, 0.0, 0.0, 0.0, 0.0, 0.0, 0.0, 1.0, 0.0, 0.0, 0.0, 0.0, 0.0, 0.0, 0.0, 0.0, 0.0, 0.0, 0.0, 0.0, 0.0, 0.0, 0.0, 2.0, 0.0, 0.0, 0.0, 0.0, 0.0, 0.0, 0.0, 0.0, 0.0, 0.0, 0.0, 0.0, 0.0, 0.0, 0.0, 0.0, 0.0, 0.0, 0.0, 1.0, 1.0, 0.0, 0.0, 0.0, 0.0, 0.0, 0.0, 0.0, 0.0, 0.0, 0.0, 0.0, 0.0, 0.0
Quality,52.27027, 51.062008, 38.837635, 59.360653, 40.212856, 40.69913, 41.084827, 41.43404, 42.00041, 13.073083, 42.198353, 53.41031, 56.276512, 55.843163, 54.863342, 54.255066, 57.10842, 51.78539, 53.21128, 31.895044, 35.849705, 40.046883, 40.69913, 39.437996, 69.443954, 67.50462, 82.05881, 125.6327, 76.471085, 132.36122, 19.21119, 19.320017, 30.703838, 31.112875, 30.54984, 130.10146, 172.49712, 29.929228, 37.498894, 6.5269723, 6.573333, 12.984656, 12.883312, 12.95758, 12.860928, 12.986256, 12.974557, 12.95758, 12.8586035, 12.887452, 28.45341, 40.634605, 46.44136, 59.98442, 39.08882, 42.009506, 41.603916, 41.731766, 155.28053, 157.30229, 166.81169, 31.7293, 49.410248, 50.109592, 44.096333, 58.23676, 47.69811, 33.250927, 104.54726, 56.648808, 42.86789, 43.20952, 25.162182, 35.91259, 36.011097, 55.14094, 53.53678, 63.776905, 51.562397, 74.02597, 64.1417, 58.481144, 86.49281, 111.21902, 224.62357, 105.06153, 198.61041, 139.83014, 129.60428, 208.81898, 126.65383, 68.08221, 56.290394, 115.72106, 125.41278, 46.286877, 85.288826, 20.79158, 82.72728, 134.40709, 131.81175, 80.34971, 134.74254, 119.25792, 146.18106, 111.08807, 224.62357, 224.62357, 101.88753, 136.65015, 79.00276, 180.56697, 71.52349, 57.371826, 119.54367, 118.942924, 161.16045, 148.1549, 96.93757, 224.62357, 224.62357, 213.1646, 54.992622, 148.08122, 135.11525, 70.14586, 41.14504, 52.831722, 164.204, 90.02278, 178.18076, 106.74114, 82.206604, 101.25815, 224.62357, 85.30414, 132.89696, 95.18978, 125.108086, 180.45836, 83.614105, 149.46143, 166.34293, 187.6678, 125.60149, 224.62357, 224.62357, 210.45981, 176.59268, 224.62357, 224.62357, 224.62357, 211.1274, 127.22289, 169.2427, 134.98654, 102.90199, 133.25873, 197.16444, 119.72, 118.35289, 116.19896, 82.542175, 141.7406, 204.35188, 218.02795, 123.49009, 224.62357, 224.62357, 141.4506, 95.271194, 125.15008, 165.61449, 195.3022, 95.179794, 99.031685, 91.75941, 165.21785, 130.78156, 6.573333, 6.572625, 60.90646, 87.79272, 178.51987, 146.03401, 125.38235, 224.62357, 120.721855, 125.36721, 134.46295, 133.75282, 126.85211, 82.351364, 60.314896, 131.13324, 67.42923, 91.12757, 154.20229, 194.56053, 83.65022, 59.654934, 118.75658, 57.822243, 60.579918, 212.20589, 224.62357, 128.92142, 109.01134, 129.38431, 59.36393, 185.4496, 78.727905, 92.338, 108.26696, 84.469215, 12.944166, 122.46572, 94.643196, 92.38916, 67.67772, 52.398365, 101.619644, 174.09195, 132.22894, 182.00713, 100.073906, 60.06829, 50.69333, 132.80855, 179.94873, 145.27469, 130.51576, 74.57365, 93.55304, 12.887452, 51.838398, 52.892445, 52.794373, 56.167583, 130.94467, 95.2911, 114.22884, 54.701168, 58.389587, 47.455368, 36.135693, 47.6708, 12.974557, 19.151657, 49.04122, 36.22563, 35.91503, 35.577618, 47.419518, 35.94744, 35.30149, 36.075577, 31.043743, 30.897612, 30.813492, 25.006302, 25.410389, 30.648422, 25.403385, 41.12141, 41.581905, 31.807877, 36.767776, 36.75637, 35.460346, 36.900898, 36.629776, 36.26296, 30.629818, 25.16773, 24.916245, 12.920295, 19.110676, 18.897476, 25.164133, 25.4526, 45.450066, 45.717476, 43.974457, 42.6473, 37.080357, 43.826176, 47.309666, 40.68137, 45.50786, 41.132378, 55.473835, 58.109383, 58.463535, 34.55217, 56.92884, 67.20154, 61.269535, 89.48829, 61.76695, 86.879135, 40.154232, 87.93981, 90.805016, 144.51596, 120.456924, 130.81895, 133.91223, 192.73497, 104.3779, 98.960594, 120.58398, 200.21594, 98.86683, 44.496223, 93.32059, 69.81918, 42.8152, 35.1287, 33.601406, 38.520134, 48.721214, 126.97195, 38.570145, 44.933025, 41.47162, 43.641346, 47.48908, 55.664307, 25.694454, 53.71815, 55.887104, 41.132935, 35.009605, 36.11088, 57.763355, 57.503193, 56.400295, 53.107002, 53.401306, 60.116764, 59.779716, 52.353153, 51.371967, 96.999756, 46.175816, 30.82388, 36.12296, 36.555767, 37.307465, 18.976534, 19.299175, 19.393875, 54.743332, 51.55456, 46.85993, 36.94651, 19.124046, 6.55009, 6.52144, 6.528424, 6.574378, 41.945934, 37.288055, 58.779522, 57.852554, 101.1265, 122.77186, 91.47217, 95.73672, 91.18573, 113.215836, 43.564365, 44.176014, 20.945803, 46.02454, 127.31295, 204.2169, 119.46849, 134.52795, 26.69917, 220.42018, 218.55421, 131.57469, 170.67323, 113.58772, 163.02167, 100.43177, 6.540567, 6.572625, 0.0, 124.54803, 206.20718, 108.21962, 130.34581, 121.25354, 214.94084, 224.62357, 96.67917, 224.62357, 144.35663, 95.66959, 74.7472, 109.10012, 49.991978, 45.93909, 49.47547, 224.62357, 202.15344, 224.62357, 131.20807, 103.89315, 144.84734, 153.55649, 148.98207, 156.64265, 41.53829, 224.62357, 140.70406, 135.90807, 67.10324, 141.40704, 94.14158, 148.04694, 203.25021, 98.54694, 163.07962, 213.85043, 180.64743, 183.24097, 151.8946, 224.62357, 160.34627, 112.69478, 158.18495, 216.8367, 146.59076, 146.54955, 140.88657, 109.83344, 178.4611, 131.97456, 126.99107, 100.75002, 135.28995, 100.99613, 130.49797, 44.792603, 30.008667, 41.80451, 36.484985, 37.466263, 41.10871, 41.01099, 42.81097, 43.751816, 47.513256, 54.37779, 58.324223, 101.805305, 145.07866, 52.722687, 103.47058, 26.159096, 207.01514, 120.71548, 182.63606, 101.23566, 64.03866, 136.26988, 162.71341, 122.887596, 164.4644, 110.4135, 143.65335, 117.005905, 61.901646, 126.501114, 120.13841, 123.22242, 105.970184, 96.43505, 98.565155, 197.52336, 47.46627, 56.59904, 57.172207, 38.4789, 127.814804, 144.75728, 207.5923, 142.49553, 224.62357, 207.49265, 125.82663, 111.972374, 42.58182, 103.58935, 93.68804, 64.61114, 34.28598, 6.506572, 37.54736, 34.878895, 41.99751, 19.09738, 43.073643, 35.95782, 37.78027, 44.673904, 34.433876, 69.945435, 64.77174, 60.24413, 49.279125, 35.022346, 45.458153, 46.232933, 38.21037, 40.19878, 42.673943, 6.574378, 6.574378, 19.164604, 36.639275, 47.02044, 53.01477, 50.04626, 41.84939, 71.88801, 61.25297, 34.614216, 50.00471, 33.986095, 56.12992, 56.188545, 53.961708, 57.43977, 56.148365, 52.449585, 48.660553, 46.612514, 55.357174, 57.412235, 56.039032, 64.99357, 70.48625, 68.54284, 46.216713, 41.670437, 53.84025, 56.71656, 56.293606, 53.664635, 47.118942, 58.603664, 60.58456, 51.740982, 19.08273, 19.19212, 44.694874, 49.31369, 46.912796, 48.140396, 32.67606, 40.202354, 26.457327, 33.601765, 13.536434, 36.690136, 56.441856, 39.319622, 57.088825, 48.29155, 45.979633, 36.273056, 36.306313, 41.314114, 51.623478, 56.16139, 71.13939, 52.712376, 18.973705, 19.210655, 18.976534, 19.208273, 42.825356, 43.91289, 12.95758, 12.95758, 12.910291, 12.966267, 12.966267, 12.95758, 12.890803, 13.074275, 13.073815, 56.671555, 30.802568, 43.60964, 67.481155, 27.577349, 29.126144, 52.31902, 37.461002, 44.55906, 50.335464, 48.52632, 52.024967, 48.228256, 59.37315, 19.352615, 13.025932, 6.573333
Consensus,64.70588, 35.294117, 14.705882, 14.705882, 20.588236, 20.588236, 11.764706, 8.823529, 5.882353, 5.882353, 11.764706, 14.705882, 23.529411, 14.705882, 23.529411, 23.529411, 23.529411, 20.588236, 20.588236, 8.823529, 14.705882, 14.705882, 20.588236, 20.588236, 32.35294, 29.411764, 23.529411, 70.588234, 29.411764, 52.941177, 5.882353, 5.882353, 5.882353, 8.823529, 5.882353, 50.0, 73.52941, 23.529411, 20.588236, 2.9411764, 2.9411764, 2.9411764, 2.9411764, 5.882353, 2.9411764, 2.9411764, 2.9411764, 5.882353, 5.882353, 5.882353, 26.470589, 14.705882, 11.764706, 17.647058, 38.235294, 8.823529, 11.764706, 17.647058, 64.70588, 70.588234, 76.47059, 14.705882, 35.294117, 23.529411, 35.294117, 32.35294, 35.294117, 26.470589, 26.470589, 20.588236, 14.705882, 11.764706, 11.764706, 17.647058, 14.705882, 29.411764, 20.588236, 26.470589, 20.588236, 26.470589, 26.470589, 26.470589, 50.0, 38.235294, 100.0, 50.0, 64.70588, 26.470589, 58.82353, 52.941177, 55.882355, 47.058823, 20.588236, 38.235294, 50.0, 29.411764, 26.470589, 35.294117, 29.411764, 35.294117, 47.058823, 20.588236, 61.764706, 50.0, 41.17647, 58.82353, 100.0, 100.0, 29.411764, 47.058823, 26.470589, 76.47059, 35.294117, 20.588236, 38.235294, 47.058823, 52.941177, 64.70588, 47.058823, 100.0, 100.0, 94.117645, 41.17647, 61.764706, 61.764706, 14.705882, 20.588236, 44.117645, 55.882355, 35.294117, 58.82353, 41.17647, 23.529411, 29.411764, 100.0, 44.117645, 47.058823, 47.058823, 32.35294, 79.411766, 41.17647, 58.82353, 58.82353, 91.17647, 47.058823, 100.0, 100.0, 88.23529, 79.411766, 100.0, 100.0, 100.0, 94.117645, 61.764706, 70.588234, 44.117645, 44.117645, 38.235294, 61.764706, 50.0, 26.470589, 44.117645, 41.17647, 52.941177, 91.17647, 73.52941, 38.235294, 100.0, 100.0, 70.588234, 26.470589, 23.529411, 73.52941, 76.47059, 41.17647, 44.117645, 23.529411, 70.588234, 50.0, 2.9411764, 2.9411764, 14.705882, 29.411764, 50.0, 76.47059, 55.882355, 100.0, 32.35294, 47.058823, 44.117645, 32.35294, 35.294117, 26.470589, 47.058823, 55.882355, 29.411764, 35.294117, 32.35294, 85.29412, 32.35294, 41.17647, 50.0, 41.17647, 17.647058, 73.52941, 100.0, 35.294117, 41.17647, 41.17647, 35.294117, 41.17647, 58.82353, 47.058823, 32.35294, 35.294117, 2.9411764, 41.17647, 35.294117, 29.411764, 26.470589, 58.82353, 44.117645, 79.411766, 52.941177, 70.588234, 29.411764, 67.64706, 47.058823, 82.35294, 67.64706, 47.058823, 35.294117, 52.941177, 61.764706, 5.882353, 17.647058, 20.588236, 20.588236, 20.588236, 47.058823, 35.294117, 76.47059, 20.588236, 32.35294, 41.17647, 26.470589, 29.411764, 2.9411764, 2.9411764, 58.82353, 14.705882, 5.882353, 11.764706, 23.529411, 14.705882, 14.705882, 11.764706, 8.823529, 5.882353, 5.882353, 5.882353, 5.882353, 5.882353, 5.882353, 11.764706, 8.823529, 5.882353, 8.823529, 8.823529, 11.764706, 8.823529, 11.764706, 8.823529, 5.882353, 5.882353, 5.882353, 2.9411764, 2.9411764, 5.882353, 5.882353, 5.882353, 17.647058, 11.764706, 32.35294, 38.235294, 29.411764, 50.0, 41.17647, 20.588236, 35.294117, 38.235294, 44.117645, 17.647058, 35.294117, 17.647058, 20.588236, 17.647058, 23.529411, 29.411764, 20.588236, 26.470589, 17.647058, 38.235294, 44.117645, 41.17647, 41.17647, 50.0, 47.058823, 67.64706, 44.117645, 41.17647, 47.058823, 91.17647, 32.35294, 14.705882, 64.70588, 52.941177, 20.588236, 14.705882, 17.647058, 20.588236, 29.411764, 52.941177, 23.529411, 14.705882, 20.588236, 14.705882, 20.588236, 11.764706, 11.764706, 23.529411, 14.705882, 8.823529, 5.882353, 11.764706, 17.647058, 14.705882, 20.588236, 11.764706, 35.294117, 32.35294, 14.705882, 14.705882, 32.35294, 73.52941, 41.17647, 23.529411, 8.823529, 5.882353, 5.882353, 8.823529, 2.9411764, 5.882353, 41.17647, 47.058823, 50.0, 5.882353, 2.9411764, 2.9411764, 2.9411764, 2.9411764, 2.9411764, 8.823529, 23.529411, 14.705882, 14.705882, 23.529411, 55.882355, 29.411764, 29.411764, 20.588236, 20.588236, 20.588236, 44.117645, 32.35294, 41.17647, 38.235294, 88.23529, 67.64706, 52.941177, 52.941177, 94.117645, 88.23529, 44.117645, 70.588234, 44.117645, 67.64706, 26.470589, 2.9411764, 2.9411764, 29.411764, 44.117645, 91.17647, 41.17647, 55.882355, 61.764706, 88.23529, 100.0, 35.294117, 100.0, 55.882355, 50.0, 23.529411, 32.35294, 17.647058, 20.588236, 23.529411, 100.0, 91.17647, 100.0, 58.82353, 26.470589, 41.17647, 41.17647, 44.117645, 47.058823, 41.17647, 100.0, 44.117645, 32.35294, 44.117645, 52.941177, 29.411764, 47.058823, 88.23529, 64.70588, 38.235294, 94.117645, 73.52941, 76.47059, 52.941177, 100.0, 52.941177, 38.235294, 47.058823, 91.17647, 47.058823, 41.17647, 79.411766, 61.764706, 79.411766, 23.529411, 32.35294, 23.529411, 32.35294, 23.529411, 50.0, 11.764706, 17.647058, 23.529411, 8.823529, 17.647058, 17.647058, 8.823529, 11.764706, 32.35294, 20.588236, 20.588236, 11.764706, 35.294117, 67.64706, 29.411764, 35.294117, 47.058823, 52.941177, 47.058823, 79.411766, 26.470589, 47.058823, 41.17647, 44.117645, 38.235294, 41.17647, 47.058823, 55.882355, 35.294117, 38.235294, 52.941177, 47.058823, 35.294117, 35.294117, 26.470589, 50.0, 52.941177, 26.470589, 20.588236, 44.117645, 23.529411, 41.17647, 44.117645, 41.17647, 44.117645, 100.0, 85.29412, 41.17647, 20.588236, 32.35294, 29.411764, 20.588236, 20.588236, 26.470589, 2.9411764, 5.882353, 8.823529, 8.823529, 5.882353, 17.647058, 14.705882, 32.35294, 26.470589, 41.17647, 35.294117, 41.17647, 35.294117, 23.529411, 14.705882, 26.470589, 14.705882, 35.294117, 11.764706, 14.705882, 2.9411764, 2.9411764, 5.882353, 5.882353, 8.823529, 5.882353, 26.470589, 17.647058, 23.529411, 26.470589, 23.529411, 32.35294, 29.411764, 29.411764, 14.705882, 29.411764, 14.705882, 8.823529, 32.35294, 8.823529, 17.647058, 11.764706, 23.529411, 14.705882, 20.588236, 50.0, 38.235294, 23.529411, 17.647058, 11.764706, 26.470589, 17.647058, 14.705882, 17.647058, 23.529411, 14.705882, 20.588236, 5.882353, 5.882353, 20.588236, 17.647058, 29.411764, 23.529411, 29.411764, 29.411764, 20.588236, 23.529411, 20.588236, 26.470589, 20.588236, 17.647058, 23.529411, 52.941177, 32.35294, 11.764706, 20.588236, 17.647058, 29.411764, 32.35294, 50.0, 29.411764, 5.882353, 5.882353, 8.823529, 8.823529, 5.882353, 17.647058, 5.882353, 5.882353, 2.9411764, 5.882353, 5.882353, 5.882353, 2.9411764, 2.9411764, 2.9411764, 26.470589, 35.294117, 44.117645, 44.117645, 14.705882, 20.588236, 17.647058, 26.470589, 8.823529, 11.764706, 11.764706, 23.529411, 20.588236, 14.705882, 2.9411764, 2.9411764, 2.9411764
Consensus_seq,M 65%, S 35%, F 15%, T 15%, P 21%, G 21%, K 12%, Q 9%, [NS] 6%, A 6%, S 12%, S 15%, R 24%, S 15%, S 24%, S 24%, G 24%, N 21%, R 21%, A 9%, G 15%, N 15%, G 21%, I 21%, M 32%, A 29%, S 24%, V 71%, S 29%, F 53%, K 6%, Q 6%, [EG] 6%, G 9%, [DP] 6%, A 50%, D 74%, Q 24%, S 21%, E 3%, S 3%, [AE] 3%, [DR] 3%, R 6%, [HN] 3%, [GT] 3%, [NT] 3%, R 6%, N 6%, G 6%, E 26%, R 15%, S 12%, Q 18%, N 38%, V 9%, Q 12%, N 18%, R 65%, G 71%, R 76%, S 15%, R 35%, A 24%, R 35%, P 32%, K 35%, Q 26%, T 26%, K 21%, T 15%, T 12%, Q 12%, Q 18%, P 15%, P 29%, R 21%, G 26%, A 21%, [GP] 26%, R 26%, P 26%, P 50%, L 38%, S 100%, W 50%, F 65%, [AS] 26%, P 59%, L 53%, T 56%, Q 47%, [FHT] 21%, G 38%, K 50%, K 29%, K 26%, F 35%, [LW] 29%, K 35%, F 47%, [AMP] 21%, P 62%, G 50%, Q 41%, G 59%, V 100%, P 100%, I 29%, G 47%, K 26%, G 76%, N 35%, P 21%, K 38%, D 47%, Q 53%, Q 65%, I 47%, G 100%, Y 100%, W 94%, N 41%, R 62%, Q 62%, [NP] 15%, R 21%, R 44%, R 56%, W 35%, R 59%, M 41%, G 24%, K 29%, G 100%, Q 44%, R 47%, K 47%, Q 32%, L 79%, P 41%, P 59%, R 59%, W 91%, Y 47%, F 100%, Y 100%, Y 88%, L 79%, G 100%, T 100%, G 100%, P 94%, H 62%, A 71%, D 44%, L 44%, K 38%, F 62%, R 50%, T 26%, R 44%, I 41%, D 53%, G 91%, V 74%, F 38%, W 100%, V 100%, A 71%, K 26%, [EN] 24%, G 74%, A 76%, K 41%, T 44%, N 24%, P 71%, T 50%, S 3%, T 3%, A 15%, D 29%, L 50%, G 76%, T 56%, R 100%, N 32%, P 47%, N 44%, N 32%, D 35%, P 26%, A 47%, I 56%, P 29%, P 35%, Q 32%, F 85%, A 32%, P 41%, G 50%, T 41%, V 18%, L 74%, P 100%, K 35%, G 41%, F 41%, Y 35%, I 41%, E 59%, G 47%, S 32%, G 35%, [AD] 3%, S 41%, R 35%, S 29%, N 26%, S 59%, R 44%, S 79%, R 53%, S 71%, S 29%, S 68%, R 47%, S 82%, R 68%, S 47%, S 35%, S 53%, R 62%, G 6%, N 18%, R 21%, S 21%, R 21%, S 47%, S 35%, S 76%, R 21%, G 32%, R 41%, S 26%, R 29%, [NT] 3%, [KNQ] 3%, S 59%, R 15%, [DG] 6%, N 12%, S 24%, Q 15%, N 15%, R 12%, G 9%, [KR] 6%, Q 6%, N 6%, S 6%, Q 6%, Q 6%, R 12%, N 9%, S 6%, [PS] 9%, K 9%, N 12%, R 9%, G 12%, G 9%, N 6%, N 6%, [GN] 6%, [NQ] 3%, [GNR] 3%, N 6%, K 6%, S 6%, R 18%, N 12%, R 32%, S 38%, N 29%, S 50%, R 41%, S 21%, R 35%, S 38%, P 44%, [AG] 18%, S 35%, G 18%, V 21%, N 18%, P 24%, D 29%, M 21%, S 26%, S 18%, D 38%, D 44%, I 41%, A 41%, A 50%, A 47%, V 68%, L 44%, A 41%, A 47%, L 91%, K 32%, R 15%, L 65%, G 53%, F 21%, K 15%, P 18%, S 21%, G 29%, K 53%, K 24%, K 15%, Q 21%, [AK] 15%, S 21%, [KR] 12%, S 12%, K 24%, S 15%, [KR] 9%, [DE] 6%, R 12%, S 18%, K 15%, S 21%, N 12%, S 35%, G 32%, T 15%, [NS] 15%, T 32%, P 74%, K 41%, Q 24%, K 9%, K 6%, [KS] 6%, P 9%, [AKL] 3%, S 6%, V 41%, T 47%, K 50%, K 6%, [ADE] 3%, K 3%, I 3%, L 3%, A 3%, K 9%, K 24%, S 15%, P 15%, S 24%, A 56%, A 29%, E 29%, A 21%, [KR] 21%, K 21%, K 44%, Q 32%, L 41%, N 38%, K 88%, P 68%, R 53%, W 53%, K 94%, R 88%, T 44%, P 71%, N 44%, K 68%, G 26%, V 3%, T 3%, E 29%, N 44%, V 91%, T 41%, Q 56%, C 62%, F 88%, G 100%, P 35%, R 100%, G 56%, P 50%, N 24%, Q 32%, L 18%, Q 21%, G 24%, N 100%, F 91%, G 100%, D 59%, A 26%, E 41%, L 41%, V 44%, K 47%, L 41%, G 100%, T 44%, D 32%, D 44%, P 53%, H 29%, F 47%, P 88%, Q 65%, L 38%, A 94%, E 74%, L 76%, A 53%, P 100%, T 53%, A 38%, A 47%, A 91%, F 47%, L 41%, F 79%, G 62%, S 79%, R 24%, V 32%, E 24%, T 32%, K 24%, E 50%, V 12%, S 18%, N 24%, L 9%, S 18%, G 18%, N 9%, A 12%, D 32%, E 21%, P 21%, Q 12%, G 35%, D 68%, V 29%, V 35%, E 47%, L 53%, T 47%, Y 79%, S 26%, G 47%, A 41%, I 44%, K 38%, V 41%, D 47%, K 56%, T 35%, D 38%, P 53%, N 47%, L 35%, E 35%, T 26%, F 50%, L 53%, K 26%, V 21%, L 44%, N 24%, E 41%, [NQ] 44%, I 41%, D 44%, A 100%, Y 85%, K 41%, K 21%, P 32%, P 29%, Q 21%, K 21%, E 26%, D 3%, [AM] 6%, D 9%, M 9%, V 6%, S 18%, P 15%, K 32%, P 26%, Q 41%, R 35%, K 41%, R 35%, K 24%, Q 15%, K 26%, K 15%, K 35%, S 12%, A 15%, A 3%, A 3%, K 6%, E 6%, K 9%, [AS] 6%, E 26%, R 18%, E 24%, P 26%, D 24%, L 32%, N 29%, P 29%, S 15%, A 29%, P 15%, [AQV] 9%, F 32%, [EST] 9%, N 18%, [IV] 12%, S 24%, V 15%, A 21%, P 50%, P 38%, K 24%, S 18%, R 12%, V 26%, Q 18%, Q 15%, N 18%, V 24%, S 15%, R 21%, P 6%, G 6%, E 21%, L 18%, T 29%, A 24%, E 29%, D 29%, L 21%, S 24%, L 21%, L 26%, [AG] 21%, S 18%, I 24%, D 53%, D 32%, [DPR] 12%, S 21%, T 18%, E 29%, V 32%, E 50%, I 29%, D 6%, K 6%, P 9%, K 9%, T 6%, Q 18%, R 6%, R 6%, [HR] 3%, K 6%, K 6%, R 6%, [EG] 3%, [AS] 3%, [AT] 3%, I 26%, D 35%, E 44%, V 44%, T 15%, D 21%, A 18%, D 26%, [DNP] 9%, [DT] 12%, [ST] 12%, S 24%, E 21%, I 15%, [AET] 3%, [AR] 3%, S 3%
Occupancy,22.0, 22.0, 22.0, 11.0, 7.0, 7.0, 7.0, 7.0, 7.0, 2.0, 7.0, 10.0, 11.0, 10.0, 10.0, 11.0, 11.0, 15.0, 16.0, 5.0, 6.0, 7.0, 7.0, 23.0, 34.0, 29.0, 30.0, 30.0, 30.0, 34.0, 3.0, 3.0, 5.0, 5.0, 5.0, 34.0, 34.0, 24.0, 23.0, 1.0, 1.0, 2.0, 2.0, 2.0, 2.0, 2.0, 2.0, 2.0, 2.0, 2.0, 23.0, 20.0, 19.0, 30.0, 16.0, 7.0, 7.0, 26.0, 34.0, 34.0, 33.0, 5.0, 20.0, 21.0, 21.0, 20.0, 21.0, 22.0, 33.0, 16.0, 7.0, 7.0, 4.0, 6.0, 6.0, 17.0, 17.0, 17.0, 17.0, 34.0, 34.0, 34.0, 34.0, 34.0, 34.0, 34.0, 34.0, 34.0, 34.0, 34.0, 34.0, 34.0, 34.0, 34.0, 34.0, 25.0, 33.0, 34.0, 34.0, 34.0, 34.0, 34.0, 34.0, 34.0, 34.0, 34.0, 34.0, 34.0, 34.0, 34.0, 34.0, 34.0, 34.0, 16.0, 34.0, 34.0, 34.0, 34.0, 34.0, 34.0, 34.0, 34.0, 34.0, 34.0, 34.0, 34.0, 7.0, 17.0, 34.0, 34.0, 34.0, 33.0, 34.0, 32.0, 34.0, 30.0, 34.0, 34.0, 34.0, 34.0, 34.0, 34.0, 34.0, 34.0, 34.0, 34.0, 34.0, 34.0, 34.0, 34.0, 34.0, 34.0, 34.0, 34.0, 34.0, 34.0, 34.0, 34.0, 34.0, 34.0, 34.0, 34.0, 34.0, 34.0, 34.0, 34.0, 34.0, 34.0, 34.0, 34.0, 34.0, 34.0, 34.0, 34.0, 34.0, 34.0, 34.0, 34.0, 34.0, 1.0, 1.0, 13.0, 34.0, 34.0, 34.0, 34.0, 34.0, 34.0, 34.0, 34.0, 34.0, 34.0, 34.0, 16.0, 34.0, 34.0, 34.0, 34.0, 34.0, 33.0, 34.0, 34.0, 14.0, 14.0, 34.0, 34.0, 34.0, 34.0, 34.0, 34.0, 34.0, 34.0, 34.0, 34.0, 34.0, 2.0, 34.0, 32.0, 32.0, 31.0, 24.0, 31.0, 33.0, 33.0, 34.0, 32.0, 25.0, 24.0, 31.0, 34.0, 34.0, 34.0, 29.0, 29.0, 2.0, 12.0, 11.0, 11.0, 11.0, 33.0, 32.0, 30.0, 30.0, 26.0, 22.0, 24.0, 27.0, 2.0, 3.0, 23.0, 6.0, 6.0, 6.0, 8.0, 6.0, 6.0, 6.0, 5.0, 5.0, 5.0, 4.0, 4.0, 5.0, 4.0, 7.0, 7.0, 5.0, 6.0, 6.0, 6.0, 6.0, 6.0, 6.0, 5.0, 4.0, 4.0, 2.0, 3.0, 3.0, 4.0, 4.0, 8.0, 8.0, 22.0, 22.0, 24.0, 23.0, 22.0, 25.0, 25.0, 23.0, 22.0, 29.0, 28.0, 28.0, 32.0, 32.0, 14.0, 33.0, 33.0, 32.0, 24.0, 34.0, 33.0, 33.0, 33.0, 34.0, 34.0, 34.0, 34.0, 34.0, 34.0, 34.0, 34.0, 27.0, 27.0, 27.0, 27.0, 27.0, 27.0, 26.0, 25.0, 33.0, 24.0, 19.0, 27.0, 20.0, 26.0, 12.0, 4.0, 11.0, 10.0, 7.0, 6.0, 6.0, 12.0, 12.0, 14.0, 12.0, 14.0, 13.0, 12.0, 11.0, 27.0, 27.0, 26.0, 26.0, 6.0, 6.0, 6.0, 3.0, 3.0, 3.0, 24.0, 24.0, 24.0, 6.0, 3.0, 1.0, 1.0, 1.0, 1.0, 7.0, 24.0, 11.0, 11.0, 33.0, 33.0, 32.0, 33.0, 34.0, 34.0, 25.0, 25.0, 25.0, 25.0, 34.0, 34.0, 34.0, 34.0, 34.0, 34.0, 34.0, 34.0, 34.0, 34.0, 34.0, 34.0, 1.0, 1.0, 30.0, 34.0, 34.0, 34.0, 34.0, 34.0, 34.0, 34.0, 34.0, 34.0, 34.0, 34.0, 34.0, 34.0, 9.0, 9.0, 9.0, 34.0, 34.0, 34.0, 34.0, 34.0, 34.0, 34.0, 34.0, 34.0, 34.0, 34.0, 34.0, 34.0, 34.0, 34.0, 34.0, 34.0, 34.0, 34.0, 34.0, 34.0, 34.0, 34.0, 34.0, 34.0, 34.0, 34.0, 34.0, 34.0, 34.0, 34.0, 34.0, 34.0, 34.0, 34.0, 34.0, 34.0, 34.0, 34.0, 34.0, 18.0, 27.0, 8.0, 6.0, 6.0, 7.0, 7.0, 7.0, 11.0, 11.0, 11.0, 11.0, 34.0, 34.0, 34.0, 34.0, 34.0, 34.0, 34.0, 34.0, 34.0, 34.0, 34.0, 34.0, 34.0, 34.0, 34.0, 34.0, 34.0, 34.0, 33.0, 34.0, 34.0, 34.0, 34.0, 34.0, 34.0, 16.0, 16.0, 16.0, 16.0, 34.0, 34.0, 34.0, 34.0, 34.0, 34.0, 34.0, 34.0, 33.0, 34.0, 34.0, 34.0, 25.0, 1.0, 6.0, 6.0, 7.0, 3.0, 7.0, 6.0, 22.0, 22.0, 21.0, 30.0, 28.0, 28.0, 28.0, 23.0, 18.0, 18.0, 21.0, 20.0, 20.0, 1.0, 1.0, 3.0, 6.0, 8.0, 9.0, 29.0, 29.0, 32.0, 31.0, 28.0, 21.0, 19.0, 17.0, 16.0, 19.0, 15.0, 16.0, 16.0, 16.0, 12.0, 11.0, 11.0, 10.0, 13.0, 28.0, 31.0, 27.0, 18.0, 18.0, 12.0, 12.0, 12.0, 12.0, 12.0, 12.0, 17.0, 3.0, 3.0, 13.0, 20.0, 26.0, 27.0, 27.0, 30.0, 25.0, 27.0, 29.0, 29.0, 29.0, 28.0, 28.0, 30.0, 28.0, 23.0, 22.0, 29.0, 31.0, 33.0, 30.0, 28.0, 3.0, 3.0, 3.0, 3.0, 7.0, 8.0, 2.0, 2.0, 2.0, 2.0, 2.0, 2.0, 2.0, 2.0, 2.0, 20.0, 20.0, 27.0, 27.0, 27.0, 23.0, 18.0, 20.0, 18.0, 16.0, 18.0, 16.0, 14.0, 12.0, 3.0, 2.0, 1.0
SHENKIN,7.9521, 12.4195, 29.1642, 13.1135, 8.3074, 8.3074, 10.1139, 10.8056, 11.4298, 7.0881, 9.5615, 11.641, 11.0517, 11.641, 10.3775, 11.0517, 11.0517, 14.6853, 18.4098, 8.7814, 8.8231, 9.7874, 8.3074, 29.7926, 30.4394, 29.3738, 30.5601, 11.7758, 28.392, 11.9792, 7.8627, 7.8627, 9.2887, 8.7814, 9.2887, 28.522, 17.3634, 26.7626, 23.7015, 6.6557, 6.6557, 7.3831, 7.3831, 7.0881, 7.3831, 7.3831, 7.3831, 7.0881, 7.0881, 7.0881, 25.4475, 23.7008, 26.2508, 44.2363, 11.3559, 10.8056, 10.5348, 36.4511, 21.6151, 18.1071, 14.0324, 7.9539, 16.203, 19.307, 14.7634, 15.7475, 13.5109, 25.3271, 40.3488, 15.3692, 9.7874, 9.5615, 7.7178, 8.1488, 8.8231, 14.6412, 18.0705, 15.0788, 15.7458, 36.3811, 46.9687, 34.381, 29.1957, 26.4065, 6.0, 20.646, 11.4846, 29.6111, 15.4771, 15.0333, 22.9935, 27.3696, 46.5634, 24.3386, 23.7502, 19.2619, 45.5988, 30.3706, 27.4203, 40.843, 18.8351, 45.3963, 23.0318, 26.6961, 21.0493, 17.7758, 6.0, 6.0, 31.0513, 21.6453, 50.5821, 11.3136, 32.7737, 16.2902, 28.733, 26.9873, 20.6796, 19.1265, 25.6818, 6.0, 6.0, 7.5043, 26.0494, 14.3466, 18.1622, 61.6103, 8.3074, 10.5932, 20.4979, 28.2027, 19.9872, 22.8371, 40.8623, 22.7798, 6.0, 22.8606, 30.0172, 24.2184, 30.6827, 13.726, 28.1105, 15.4771, 18.5156, 8.5537, 16.3786, 6.0, 6.0, 8.619, 10.8552, 6.0, 6.0, 6.0, 7.5043, 18.918, 17.3837, 27.3066, 21.0256, 28.543, 11.6693, 18.6818, 38.2938, 32.9965, 36.4585, 20.3368, 8.0865, 10.694, 24.6468, 6.0, 6.0, 17.6533, 51.3665, 40.6556, 12.6565, 12.3104, 32.0325, 30.9634, 49.088, 15.7777, 26.8547, 6.6557, 6.6557, 15.4916, 35.8, 24.5345, 14.1279, 23.3501, 6.0, 30.5275, 26.6067, 25.4413, 35.2544, 35.486, 41.9784, 8.5547, 26.3884, 45.6054, 26.6207, 32.0351, 9.8053, 30.2954, 40.9106, 28.2383, 8.6462, 16.9567, 12.6565, 6.0, 39.5037, 31.7036, 28.5709, 35.6612, 22.8619, 16.1212, 25.8748, 43.972, 44.9089, 7.3831, 28.4642, 31.2987, 30.1395, 26.4542, 11.2664, 18.7491, 10.5956, 24.2277, 14.5002, 29.9023, 9.6177, 15.4796, 9.61, 17.5216, 23.5433, 31.0734, 18.8351, 15.7368, 7.0881, 11.9829, 12.0762, 12.0762, 12.5788, 21.9059, 31.8009, 10.708, 42.4327, 20.0009, 14.3058, 25.4176, 24.4848, 7.3831, 8.19, 10.7432, 8.8231, 10.3038, 9.1175, 8.4335, 8.8231, 8.8231, 9.4969, 9.1468, 9.2887, 9.6752, 8.722, 8.722, 9.6752, 8.722, 10.1139, 10.8056, 9.6752, 9.209, 10.1464, 9.1175, 10.1464, 9.4969, 9.741, 9.6752, 8.722, 8.3736, 7.3831, 8.19, 7.8627, 8.722, 8.722, 10.0272, 10.6064, 21.7253, 14.7764, 20.0701, 15.1782, 16.3296, 25.9124, 25.336, 21.3023, 16.3994, 39.8782, 30.5395, 54.4498, 50.026, 48.9133, 13.3487, 42.8233, 60.2081, 42.3552, 31.2702, 40.03, 32.5309, 23.7875, 23.89, 30.5753, 19.1272, 15.1027, 30.2489, 29.2804, 21.2996, 8.5537, 36.2225, 39.3411, 11.3467, 16.1909, 31.5043, 38.1486, 42.6837, 33.1666, 28.9585, 25.6795, 27.1776, 25.1507, 30.0828, 23.2914, 25.9827, 15.0318, 7.7178, 11.5117, 12.8259, 10.2155, 10.3038, 9.4969, 12.898, 15.7825, 16.484, 16.0599, 10.6628, 10.2115, 13.9654, 11.6963, 20.3045, 8.8863, 18.2498, 33.7097, 9.741, 10.7326, 10.3038, 7.4333, 8.19, 7.8627, 18.5203, 17.0901, 13.8414, 10.7326, 8.19, 6.6557, 6.6557, 6.6557, 6.6557, 11.2553, 25.8765, 13.6592, 14.2276, 48.7563, 25.4674, 33.8779, 48.782, 56.173, 55.2679, 24.8771, 19.0164, 21.0134, 21.3992, 34.4631, 9.2085, 16.947, 26.1794, 16.3544, 7.5043, 8.619, 23.3228, 12.0996, 28.6686, 19.1521, 39.2112, 6.6557, 6.6557, 27.2809, 30.126, 8.9096, 32.1952, 24.998, 18.4439, 8.619, 6.0, 32.6252, 6.0, 17.6625, 32.733, 45.9064, 39.9909, 10.6786, 9.814, 9.3552, 6.0, 8.5537, 6.0, 19.6819, 48.0372, 28.0773, 26.4548, 23.1501, 24.8527, 38.5647, 6.0, 18.9118, 31.1173, 18.2834, 15.0333, 33.3152, 17.0637, 9.2085, 17.045, 24.1171, 7.8166, 14.4956, 14.1279, 21.2, 6.0, 18.4824, 29.5709, 17.2336, 8.0865, 21.2169, 22.4889, 11.4823, 16.2048, 9.9763, 39.7045, 27.7783, 49.088, 29.0908, 48.9882, 22.4531, 25.0317, 43.8702, 8.4335, 9.741, 8.1488, 9.0393, 10.8056, 10.5348, 8.6439, 12.0762, 12.5788, 13.8993, 33.1311, 17.3827, 54.4059, 28.1942, 32.6512, 16.3544, 32.3924, 12.1456, 37.0697, 17.2042, 27.6037, 19.813, 34.7202, 19.1786, 16.7541, 19.9777, 29.3763, 24.9974, 18.1509, 27.6666, 24.1919, 41.561, 44.6292, 22.2036, 19.0601, 14.3786, 15.1345, 9.5496, 16.4257, 35.0317, 16.9748, 17.7084, 21.9238, 6.0, 9.1096, 30.9984, 48.1262, 33.63, 36.7952, 57.6171, 60.0149, 31.0654, 6.6557, 10.3038, 9.741, 10.8056, 7.8627, 9.0393, 8.8231, 20.8573, 24.9403, 14.1039, 33.0737, 21.7388, 27.3504, 31.4941, 33.6978, 18.1479, 22.3267, 21.1578, 27.9562, 26.3756, 6.6557, 6.6557, 7.8627, 10.7326, 12.4853, 14.0646, 38.363, 41.8696, 42.1608, 48.4198, 33.2851, 17.7394, 20.9968, 16.3817, 19.6858, 20.9968, 19.5527, 22.6382, 13.1773, 21.7338, 13.7801, 13.5509, 11.5117, 12.8259, 14.0484, 22.5587, 37.6569, 39.0292, 20.94, 25.0317, 11.1782, 13.7801, 15.1519, 12.898, 11.59, 15.7825, 19.6059, 7.8627, 7.8627, 13.4871, 29.5713, 32.6215, 31.9929, 25.9214, 41.9611, 33.7894, 34.8116, 40.3798, 35.9992, 34.0201, 41.3412, 32.5447, 22.1456, 26.0332, 32.0951, 29.8885, 48.1493, 45.136, 39.8016, 22.4717, 31.1707, 7.8627, 7.8627, 7.4333, 7.4333, 11.9055, 10.0272, 7.0881, 7.0881, 7.3831, 7.0881, 7.0881, 7.0881, 7.3831, 7.3831, 7.3831, 16.3657, 14.4815, 25.0004, 23.0426, 38.7403, 29.7926, 23.0715, 22.3313, 25.6752, 20.1402, 25.8141, 16.848, 16.484, 13.4074, 8.19, 7.3831, 6.6557
Human_Quality,4.090512, 4.317816, 1.7430407, 2.8954852,NA,NA,NA,NA,NA,NA,NA, 3.8922935, 2.8436418, 3.3352575,NA, 4.3690743, 4.2716155, 3.9338365, 3.2344348,NA,NA,NA,NA, 4.3008575, 4.581589,NA, 4.817083, 7.026545, 6.112608, 5.662181,NA,NA, 6.9804864, 6.124505, 4.3859873, 6.6776333, 5.9185467, 4.3860865, 3.7362208,NA,NA,NA,NA,NA,NA,NA,NA,NA,NA,NA, 2.4006844, 4.0882154, 3.2813785, 2.8961558, 1.8044747,NA,NA, 1.9654711, 1.7615153, 2.509823, 4.471717,NA, 4.967018, 5.603153, 8.416471, 5.4119954, 4.343015, 3.5143719, 3.3565772, 4.2512283,NA,NA,NA,NA,NA, 4.566217, 4.2076354, 4.7090282, 2.611245, 4.0508847, 1.836835, 3.1468194, 3.512696, 3.1948688, 8.416471, 4.9556565, 7.6088877, 6.597305, 5.28828, 8.126629, 6.487548, 4.947702, 2.6541436, 5.694428, 5.7284,NA, 4.609383, 5.116789, 4.6826015, 6.527073, 6.3080807, 3.6387634, 4.6409736, 5.982414, 6.840283, 3.9259343, 8.416471, 8.416471, 8.14378, 5.244094, 4.0137296, 5.653401, 4.111747, 3.9601865, 5.7260594, 5.137922, 6.633182, 4.192697, 3.941618, 8.416471, 8.416471, 6.274894, 3.2700067, 4.958417, 4.7277226, 5.2488017,NA, 8.416471, 5.1181245, 4.5884557, 7.179748, 5.3713446, 5.356244, 5.80686, 8.416471, 5.600355, 4.2742543, 4.9098043, 6.4246287, 8.416471, 4.6648626, 8.416471, 8.03785, 3.6834004, 6.1860347, 8.416471, 8.416471, 8.416471, 7.1602774, 8.416471, 8.416471, 8.416471, 8.416471, 4.263937, 6.6125307, 4.859683, 3.926734, 5.6481934, 7.6190896, 5.544107, 5.238112, 4.088099, 3.7993238, 7.2805643, 8.416471, 8.225248, 5.818757, 8.416471, 8.416471, 6.480849, 4.545276, 5.736025, 5.7431426, 8.416471, 2.5907633, 4.373232, 4.6751075, 5.3148127, 5.538855,NA,NA, 3.1477907, 3.8553376, 5.865522, 5.600349, 4.840967, 8.416471, 5.9146333, 6.171965, 5.8898573, 6.109254, 5.926788, 4.994191, 5.7375693, 4.431404, 4.563765, 3.9176466, 4.833694, 6.8480773, 4.5378685, 4.0474443, 6.7720523, 6.042016, 4.688537, 8.416471, 8.416471, 6.059034, 5.890692, 5.7798934, 4.0164356, 6.738795, 4.9211583, 5.571702, 5.1169214, 4.4328084,NA, 4.5157275, 6.0701294, 6.992197, 4.8161993, 4.7577343, 4.317816, 6.9118323, 6.707095, 6.808137, 4.9330096, 5.549123, 4.2652683, 8.020052, 8.416471, 6.101029, 6.3780885, 8.416471, 8.416471,NA,NA,NA,NA,NA, 5.5408535, 6.767175, 5.7990084, 4.513229, 6.267659,NA,NA,NA,NA,NA,NA,NA,NA,NA,NA,NA,NA,NA,NA,NA,NA,NA,NA,NA,NA,NA,NA,NA,NA,NA,NA,NA,NA,NA,NA,NA,NA,NA,NA,NA,NA,NA,NA,NA,NA,NA, 7.371706, 5.551993, 6.5929403, 5.3381505, 5.8968706, 7.7864714, 4.35333, 4.1962166, 6.4862437, 3.5798483, 5.192126, 4.0319185, 2.371031, 3.035284, 4.113584, 3.7530766,NA, 4.5474606, 4.763277, 2.937987, 6.348138, 5.6519885, 4.520349, 2.752485, 4.543884, 6.124505, 3.9366977, 2.516114, 6.5696154, 6.580215, 4.395326, 5.6391535, 6.69484, 2.2365007, 3.8206189, 5.506158, 5.54804, 6.711308, 3.3661563, 5.2701225, 5.4425216,NA, 5.351073,NA,NA,NA,NA,NA,NA,NA,NA,NA,NA,NA,NA,NA,NA,NA, 7.5142837, 4.84526, 7.1792746, 5.0821757,NA,NA,NA,NA,NA,NA, 7.2138934, 6.59465, 6.219446,NA,NA,NA,NA,NA,NA,NA, 5.945286,NA,NA, 5.974075, 6.022567, 5.950894, 5.1289244, 3.9525592, 4.4019623,NA,NA,NA,NA, 5.905386, 8.416471, 6.4189157, 8.416471, 2.2940736, 8.416471, 8.416471, 6.0269547, 6.1267433, 5.997604, 6.990376, 4.8314776,NA,NA, 1.2710423, 7.2136087, 7.984087, 4.5993104, 8.416471, 5.9508243, 8.416471, 8.416471, 4.4436436, 8.416471, 5.9828315, 3.7517786, 5.538325, 5.601589, 2.8498328, 2.8885603, 2.869974, 8.416471, 7.333071, 8.416471, 6.049837, 4.466665, 5.8970947, 7.800162, 4.9375935, 6.74276, 2.3845162, 8.416471, 6.926908, 5.9765763, 1.7691745, 6.1204295, 4.411368, 5.5494356, 8.416471, 4.274735, 7.1611056, 8.416471, 7.914349, 6.842147, 6.832433, 8.416471, 6.896842, 5.970778, 6.7679725, 8.416471, 6.7040057, 6.7040057, 3.210124, 2.2540064, 8.416471, 6.218389, 7.056875, 3.6355515, 5.752864, 3.9080515, 3.171334, 4.674826,NA,NA,NA,NA,NA,NA,NA,NA,NA,NA,NA, 4.112784, 5.5924206, 3.2410405, 4.109291, 0.0, 8.24288, 5.3770986, 8.028389, 5.621769, 4.731453, 6.415384, 7.8712287, 5.41118, 6.3601437, 5.4257116, 5.3492365, 5.155963, 1.7446123, 6.414071, 4.997707, 6.3813095, 4.9634023, 5.155963, 0.8592269, 7.564878, 3.2600985, 3.683192, 5.061377, 4.1192603, 4.591884, 3.912177, 8.06768, 6.651964, 8.416471, 7.760723, 5.1554575, 5.5292163, 1.8616838, 3.7683442, 5.071293, 3.6115758, 4.6104736,NA,NA,NA,NA,NA,NA,NA,NA,NA,NA, 3.8952749, 3.6268752, 3.7687633, 3.915977, 4.0474224, 2.6736605, 2.940309, 3.3440764, 3.4922974, 5.324269,NA,NA,NA,NA,NA,NA, 4.686506, 5.23954, 6.481714, 3.860546,NA,NA,NA,NA,NA,NA,NA,NA,NA,NA,NA,NA,NA,NA, 2.976927, 5.038205, 4.9999743, 4.697402, 4.9999743, 4.3605165,NA,NA,NA,NA,NA,NA, 4.160969,NA,NA,NA, 3.4090652, 5.05603, 5.9611993, 4.5449543, 5.7962213, 3.2795205, 1.8470877, 5.006009, 5.4429207, 4.3472304, 7.836832, 2.164555, 3.906624, 5.14166, 1.2960306, 3.5441632, 2.835241, 5.1333766, 6.3464875, 3.484889,NA,NA,NA,NA,NA,NA, 4.274106,NA,NA,NA,NA,NA,NA,NA,NA,NA,NA,NA, 5.084724, 6.1331725, 3.566039, 3.2733653, 3.5825193, 2.2019749, 3.684383, 3.0644004, 3.190869, 4.0605054,NA,NA,NA,NA,NA
Human_Consensus,57.142857, 57.142857, 28.571428, 28.571428,NA,NA,NA,NA,NA,NA,NA, 57.142857, 28.571428, 42.857143,NA, 28.571428, 28.571428, 28.571428, 28.571428,NA,NA,NA,NA, 28.571428, 28.571428,NA, 28.571428, 42.857143, 28.571428, 57.142857,NA,NA, 71.42857, 71.42857, 28.571428, 57.142857, 57.142857, 28.571428, 42.857143,NA,NA,NA,NA,NA,NA,NA,NA,NA,NA,NA, 14.285714, 28.571428, 42.857143, 42.857143, 28.571428,NA,NA, 28.571428, 14.285714, 28.571428, 28.571428,NA, 57.142857, 57.142857, 100.0, 28.571428, 28.571428, 42.857143, 28.571428, 28.571428,NA,NA,NA,NA,NA, 57.142857, 42.857143, 57.142857, 28.571428, 42.857143, 42.857143, 42.857143, 42.857143, 42.857143, 100.0, 71.42857, 57.142857, 42.857143, 42.857143, 71.42857, 71.42857, 71.42857, 42.857143, 42.857143, 71.42857,NA, 28.571428, 42.857143, 42.857143, 42.857143, 71.42857, 42.857143, 42.857143, 71.42857, 71.42857, 71.42857, 100.0, 100.0, 71.42857, 57.142857, 28.571428, 42.857143, 42.857143, 28.571428, 57.142857, 42.857143, 42.857143, 42.857143, 57.142857, 100.0, 100.0, 71.42857, 42.857143, 71.42857, 42.857143, 28.571428,NA, 100.0, 57.142857, 42.857143, 57.142857, 57.142857, 42.857143, 57.142857, 100.0, 42.857143, 28.571428, 57.142857, 42.857143, 100.0, 42.857143, 100.0, 71.42857, 71.42857, 71.42857, 100.0, 100.0, 100.0, 85.71429, 100.0, 100.0, 100.0, 100.0, 42.857143, 71.42857, 28.571428, 57.142857, 42.857143, 57.142857, 57.142857, 42.857143, 28.571428, 42.857143, 57.142857, 100.0, 57.142857, 57.142857, 100.0, 100.0, 85.71429, 28.571428, 42.857143, 71.42857, 100.0, 28.571428, 42.857143, 28.571428, 57.142857, 28.571428,NA,NA, 28.571428, 28.571428, 42.857143, 71.42857, 42.857143, 100.0, 42.857143, 71.42857, 57.142857, 42.857143, 28.571428, 28.571428, 71.42857, 71.42857, 57.142857, 42.857143, 42.857143, 71.42857, 57.142857, 42.857143, 71.42857, 71.42857, 28.571428, 100.0, 100.0, 42.857143, 71.42857, 42.857143, 57.142857, 42.857143, 71.42857, 71.42857, 57.142857, 42.857143,NA, 42.857143, 42.857143, 57.142857, 42.857143, 42.857143, 57.142857, 85.71429, 85.71429, 42.857143, 57.142857, 71.42857, 28.571428, 85.71429, 100.0, 42.857143, 42.857143, 100.0, 100.0,NA,NA,NA,NA,NA, 28.571428, 71.42857, 42.857143, 28.571428, 57.142857,NA,NA,NA,NA,NA,NA,NA,NA,NA,NA,NA,NA,NA,NA,NA,NA,NA,NA,NA,NA,NA,NA,NA,NA,NA,NA,NA,NA,NA,NA,NA,NA,NA,NA,NA,NA,NA,NA,NA,NA,NA, 71.42857, 57.142857, 42.857143, 42.857143, 57.142857, 85.71429, 42.857143, 28.571428, 71.42857, 28.571428, 28.571428, 28.571428, 28.571428, 28.571428, 42.857143, 42.857143,NA, 42.857143, 42.857143, 42.857143, 57.142857, 71.42857, 42.857143, 28.571428, 71.42857, 71.42857, 28.571428, 42.857143, 57.142857, 57.142857, 42.857143, 42.857143, 57.142857, 42.857143, 42.857143, 71.42857, 42.857143, 85.71429, 28.571428, 28.571428, 42.857143,NA, 28.571428,NA,NA,NA,NA,NA,NA,NA,NA,NA,NA,NA,NA,NA,NA,NA, 42.857143, 57.142857, 71.42857, 28.571428,NA,NA,NA,NA,NA,NA, 57.142857, 71.42857, 71.42857,NA,NA,NA,NA,NA,NA,NA, 42.857143,NA,NA, 42.857143, 71.42857, 42.857143, 28.571428, 42.857143, 42.857143,NA,NA,NA,NA, 42.857143, 100.0, 85.71429, 100.0, 57.142857, 100.0, 100.0, 57.142857, 57.142857, 57.142857, 71.42857, 28.571428,NA,NA, 28.571428, 85.71429, 85.71429, 42.857143, 100.0, 57.142857, 100.0, 100.0, 28.571428, 100.0, 71.42857, 71.42857, 28.571428, 57.142857, 28.571428, 42.857143, 42.857143, 100.0, 85.71429, 100.0, 57.142857, 28.571428, 42.857143, 57.142857, 28.571428, 42.857143, 42.857143, 100.0, 71.42857, 42.857143, 42.857143, 57.142857, 28.571428, 42.857143, 100.0, 71.42857, 42.857143, 100.0, 71.42857, 71.42857, 71.42857, 100.0, 42.857143, 57.142857, 42.857143, 100.0, 71.42857, 71.42857, 57.142857, 42.857143, 100.0, 42.857143, 42.857143, 28.571428, 42.857143, 28.571428, 28.571428, 28.571428,NA,NA,NA,NA,NA,NA,NA,NA,NA,NA,NA, 28.571428, 42.857143, 42.857143, 28.571428, 28.571428, 85.71429, 57.142857, 85.71429, 42.857143, 71.42857, 57.142857, 71.42857, 42.857143, 42.857143, 71.42857, 28.571428, 42.857143, 28.571428, 71.42857, 42.857143, 57.142857, 28.571428, 42.857143, 28.571428, 28.571428, 42.857143, 42.857143, 71.42857, 42.857143, 28.571428, 42.857143, 57.142857, 42.857143, 100.0, 71.42857, 42.857143, 42.857143, 42.857143, 42.857143, 28.571428, 28.571428, 42.857143,NA,NA,NA,NA,NA,NA,NA,NA,NA,NA, 42.857143, 42.857143, 28.571428, 28.571428, 28.571428, 28.571428, 42.857143, 28.571428, 28.571428, 42.857143,NA,NA,NA,NA,NA,NA, 42.857143, 28.571428, 42.857143, 28.571428,NA,NA,NA,NA,NA,NA,NA,NA,NA,NA,NA,NA,NA,NA, 28.571428, 71.42857, 57.142857, 57.142857, 57.142857, 28.571428,NA,NA,NA,NA,NA,NA, 28.571428,NA,NA,NA, 28.571428, 28.571428, 42.857143, 57.142857, 57.142857, 28.571428, 28.571428, 71.42857, 28.571428, 42.857143, 85.71429, 28.571428, 42.857143, 28.571428, 28.571428, 28.571428, 28.571428, 28.571428, 57.142857, 28.571428,NA,NA,NA,NA,NA,NA, 28.571428,NA,NA,NA,NA,NA,NA,NA,NA,NA,NA,NA, 28.571428, 42.857143, 28.571428, 14.285714, 28.571428, 28.571428, 14.285714, 28.571428, 28.571428, 28.571428,NA,NA,NA,NA,NA
Human_Consensus_seq,M 57%, S 57%, D 29%, [NP] 29%,NA,NA,NA,NA,NA,NA,NA, G 57%, P 29%, Q 43%,NA, [NS] 29%, [QS] 29%, [GR] 29%, N 29%,NA,NA,NA,NA, [AM] 29%, [AP] 29%,NA, R 29%, V 43%, [KST] 29%, W 57%,NA,NA, A 71%, D 71%, [PQ] 29%, S 57%, D 57%, S 29%, T 43%,NA,NA,NA,NA,NA,NA,NA,NA,NA,NA,NA, [DGNRY] 14%, N 29%, N 43%, Q 43%, N 29%,NA,NA, G 29%, [EG] 14%, R 29%, [NS] 29%,NA, R 57%, G 57%, R 100%, K 29%, K 29%, Q 43%, R 29%, R 29%,NA,NA,NA,NA,NA, P 57%, Q 43%, G 57%, [LN] 29%, P 43%, N 43%, [NP] 43%, T 43%, Y 43%, S 100%, W 71%, F 57%, [ST] 43%, G 43%, L 71%, T 71%, Q 71%, H 43%, G 43%, K 71%,NA, E 29%, P 43%, L 43%, K 43%, F 71%, P 43%, P 43%, G 71%, Q 71%, G 71%, V 100%, P 100%, I 71%, N 57%, [KT] 29%, [GN] 43%, S 43%, P 29%, P 57%, D 43%, E 43%, Q 43%, I 57%, G 100%, Y 100%, W 71%, R 43%, R 71%, Q 43%, T 29%,NA, R 100%, R 57%, F 43%, R 57%, T 57%, G 43%, D 57%, G 100%, K 43%, [MQR] 29%, K 57%, [DQ] 43%, L 100%, S 43%, P 100%, R 71%, W 71%, Y 71%, F 100%, Y 100%, Y 100%, L 86%, G 100%, T 100%, G 100%, P 100%, [EH] 43%, A 71%, D 29%, L 57%, P 43%, Y 57%, G 57%, A 43%, [NR] 29%, K 43%, D 57%, G 100%, V 57%, V 57%, W 100%, V 100%, A 86%, T 29%, E 43%, G 71%, A 100%, [DKL] 29%, T 43%, T 29%, P 57%, [KPT] 29%,NA,NA, D 29%, [DH] 29%, I 43%, G 71%, T 43%, R 100%, N 43%, P 71%, N 57%, N 43%, [DN] 29%, [AEP] 29%, A 71%, I 71%, P 57%, T 43%, Q 43%, F 71%, P 57%, P 43%, G 71%, T 71%, [KT] 29%, L 100%, P 100%, K 43%, G 71%, F 43%, Y 57%, V 43%, E 71%, G 71%, S 57%, G 43%,NA, G 43%, S 43%, S 57%, Q 43%, N 43%, S 57%, S 86%, R 86%, [AS] 43%, S 57%, S 71%, R 29%, S 86%, R 100%, N 43%, S 43%, S 100%, R 100%,NA,NA,NA,NA,NA, [NS] 29%, S 71%, S 43%, P 29%, G 57%,NA,NA,NA,NA,NA,NA,NA,NA,NA,NA,NA,NA,NA,NA,NA,NA,NA,NA,NA,NA,NA,NA,NA,NA,NA,NA,NA,NA,NA,NA,NA,NA,NA,NA,NA,NA,NA,NA,NA,NA,NA, S 71%, S 57%, [RS] 43%, G 43%, N 57%, S 86%, P 43%, A 29%, R 71%, [MT] 29%, [AS] 29%, [DS] 29%, G 29%, G 29%, G 43%, A 43%,NA, V 43%, A 43%, L 43%, A 57%, L 71%, L 43%, L 29%, L 71%, D 71%, [FMR] 29%, L 43%, N 57%, Q 57%, L 43%, E 43%, S 57%, L 43%, V 43%, S 71%, [AG] 43%, K 86%, [GL] 29%, [DQ] 29%, Q 43%,NA, [QS] 29%,NA,NA,NA,NA,NA,NA,NA,NA,NA,NA,NA,NA,NA,NA,NA, [KQ] 43%, P 57%, Q 71%, [QT] 29%,NA,NA,NA,NA,NA,NA, V 57%, T 71%, K 71%,NA,NA,NA,NA,NA,NA,NA, K 43%,NA,NA, S 43%, A 71%, A 43%, [EK] 29%, A 43%, L 43%,NA,NA,NA,NA, K 43%, K 100%, P 86%, R 100%, Q 57%, K 100%, R 100%, T 57%, P 57%, T 57%, K 71%, Q 29%,NA,NA, [CY] 29%, N 86%, V 86%, T 43%, Q 100%, C 57%, F 100%, G 100%, [KPR] 29%, R 100%, G 71%, P 71%, [EN] 29%, Q 57%, T 29%, Q 43%, G 43%, N 100%, F 86%, G 100%, D 57%, [AQ] 29%, E 43%, L 57%, [ILV] 29%, K 43%, L 43%, G 100%, T 71%, D 43%, D 43%, K 57%, [GHQ] 29%, [FW] 43%, P 100%, Q 71%, [IL] 43%, A 100%, E 71%, L 71%, A 71%, P 100%, [ST] 43%, A 57%, S 43%, A 100%, F 71%, F 71%, F 57%, M 43%, S 100%, R 43%, I 43%, G 29%, L 43%, E 29%, [EKV] 29%, [TV] 29%,NA,NA,NA,NA,NA,NA,NA,NA,NA,NA,NA, [GP] 29%, D 43%, V 43%, [TVY] 29%, [EW] 29%, L 86%, T 57%, Y 86%, T 43%, G 71%, A 57%, I 71%, K 43%, L 43%, D 71%, [DKS] 29%, K 43%, [DLN] 29%, P 71%, N 43%, F 57%, [EK] 29%, K 43%, [FI] 29%, [LMV] 29%, E 43%, L 43%, L 71%, N 43%, [EK] 29%, N 43%, I 57%, [DN] 43%, A 100%, Y 71%, K 43%, T 43%, F 43%, P 43%, [PQ] 29%, T 29%, E 43%,NA,NA,NA,NA,NA,NA,NA,NA,NA,NA, P 43%, K 43%, [KQ] 29%, D 29%, K 29%, K 29%, K 43%, K 29%, T 29%, [DS] 43%,NA,NA,NA,NA,NA,NA, E 43%, [AM] 29%, [QS] 43%, P 29%,NA,NA,NA,NA,NA,NA,NA,NA,NA,NA,NA,NA,NA,NA, [KL] 29%, P 71%, Q 57%, R 57%, Q 57%, [DK] 29%,NA,NA,NA,NA,NA,NA, K 29%,NA,NA,NA, [LQ] 29%, [NPQ] 29%, T 43%, V 57%, T 57%, [LQ] 29%, L 29%, P 71%, [AS] 29%, A 43%, D 86%, L 29%, D 43%, [DS] 29%, [EF] 29%, [DS] 29%, I 29%, [QS] 29%, L 57%, [LQ] 29%,NA,NA,NA,NA,NA,NA, N 29%,NA,NA,NA,NA,NA,NA,NA,NA,NA,NA,NA, [ES] 29%, M 43%, [DS] 29%, [DEGHS] 14%, [AP] 29%, Y 29%, [ASTV] 14%, E 29%, D 29%, T 29%,NA,NA,NA,NA,NA
Human_Occupancy,4.0, 4.0, 4.0, 4.0,NA,NA,NA,NA,NA,NA,NA, 4.0, 4.0, 5.0,NA, 5.0, 5.0, 5.0, 5.0,NA,NA,NA,NA, 7.0, 6.0,NA, 7.0, 7.0, 7.0, 7.0,NA,NA, 7.0, 7.0, 7.0, 7.0, 7.0, 7.0, 6.0,NA,NA,NA,NA,NA,NA,NA,NA,NA,NA,NA, 5.0, 5.0, 5.0, 4.0, 2.0,NA,NA, 2.0, 2.0, 3.0, 5.0,NA, 6.0, 6.0, 7.0, 7.0, 5.0, 4.0, 4.0, 5.0,NA,NA,NA,NA,NA, 5.0, 5.0, 5.0, 5.0, 7.0, 7.0, 7.0, 7.0, 7.0, 7.0, 7.0, 7.0, 7.0, 7.0, 7.0, 7.0, 7.0, 7.0, 7.0, 6.0,NA, 7.0, 7.0, 7.0, 7.0, 7.0, 7.0, 7.0, 7.0, 7.0, 7.0, 7.0, 7.0, 7.0, 7.0, 7.0, 7.0, 7.0, 5.0, 7.0, 7.0, 7.0, 7.0, 7.0, 7.0, 7.0, 7.0, 7.0, 7.0, 7.0, 7.0,NA, 7.0, 5.0, 7.0, 7.0, 7.0, 7.0, 7.0, 7.0, 6.0, 7.0, 7.0, 7.0, 7.0, 7.0, 7.0, 7.0, 7.0, 7.0, 7.0, 7.0, 7.0, 7.0, 7.0, 7.0, 7.0, 7.0, 7.0, 7.0, 7.0, 7.0, 7.0, 7.0, 7.0, 7.0, 7.0, 7.0, 7.0, 7.0, 7.0, 7.0, 7.0, 7.0, 7.0, 7.0, 7.0, 7.0, 7.0, 7.0, 7.0, 7.0, 7.0, 7.0,NA,NA, 4.0, 7.0, 7.0, 7.0, 7.0, 7.0, 7.0, 7.0, 7.0, 7.0, 7.0, 7.0, 7.0, 7.0, 7.0, 7.0, 5.0, 7.0, 5.0, 5.0, 7.0, 7.0, 7.0, 7.0, 7.0, 7.0, 7.0, 7.0, 7.0, 7.0, 7.0, 7.0, 7.0, 7.0,NA, 7.0, 7.0, 7.0, 6.0, 6.0, 4.0, 6.0, 6.0, 7.0, 5.0, 5.0, 7.0, 7.0, 7.0, 7.0, 7.0, 7.0, 7.0,NA,NA,NA,NA,NA, 7.0, 7.0, 7.0, 7.0, 7.0,NA,NA,NA,NA,NA,NA,NA,NA,NA,NA,NA,NA,NA,NA,NA,NA,NA,NA,NA,NA,NA,NA,NA,NA,NA,NA,NA,NA,NA,NA,NA,NA,NA,NA,NA,NA,NA,NA,NA,NA,NA, 7.0, 7.0, 7.0, 7.0, 7.0, 7.0, 7.0, 7.0, 7.0, 7.0, 7.0, 5.0, 5.0, 5.0, 5.0, 5.0,NA, 5.0, 5.0, 7.0, 7.0, 7.0, 7.0, 7.0, 7.0, 7.0, 7.0, 7.0, 7.0, 7.0, 7.0, 7.0, 7.0, 7.0, 7.0, 7.0, 6.0, 6.0, 6.0, 7.0, 7.0,NA, 6.0,NA,NA,NA,NA,NA,NA,NA,NA,NA,NA,NA,NA,NA,NA,NA, 7.0, 7.0, 7.0, 7.0,NA,NA,NA,NA,NA,NA, 7.0, 6.0, 6.0,NA,NA,NA,NA,NA,NA,NA, 7.0,NA,NA, 7.0, 7.0, 7.0, 7.0, 7.0, 7.0,NA,NA,NA,NA, 7.0, 7.0, 7.0, 7.0, 7.0, 7.0, 7.0, 7.0, 7.0, 7.0, 7.0, 7.0,NA,NA, 7.0, 7.0, 7.0, 7.0, 7.0, 7.0, 7.0, 7.0, 7.0, 7.0, 7.0, 7.0, 7.0, 7.0, 3.0, 3.0, 3.0, 7.0, 7.0, 7.0, 7.0, 7.0, 7.0, 7.0, 7.0, 7.0, 7.0, 7.0, 7.0, 7.0, 7.0, 7.0, 7.0, 7.0, 7.0, 7.0, 7.0, 7.0, 7.0, 7.0, 7.0, 7.0, 7.0, 7.0, 7.0, 7.0, 7.0, 7.0, 7.0, 7.0, 7.0, 7.0, 7.0, 7.0, 7.0, 7.0, 7.0, 7.0,NA,NA,NA,NA,NA,NA,NA,NA,NA,NA,NA, 7.0, 7.0, 7.0, 7.0, 7.0, 7.0, 7.0, 7.0, 7.0, 7.0, 7.0, 7.0, 7.0, 7.0, 7.0, 7.0, 7.0, 7.0, 7.0, 7.0, 7.0, 7.0, 7.0, 7.0, 7.0, 7.0, 7.0, 5.0, 5.0, 5.0, 5.0, 7.0, 7.0, 7.0, 7.0, 7.0, 7.0, 7.0, 7.0, 7.0, 5.0, 5.0,NA,NA,NA,NA,NA,NA,NA,NA,NA,NA, 5.0, 5.0, 5.0, 5.0, 5.0, 3.0, 3.0, 4.0, 4.0, 6.0,NA,NA,NA,NA,NA,NA, 7.0, 7.0, 7.0, 5.0,NA,NA,NA,NA,NA,NA,NA,NA,NA,NA,NA,NA,NA,NA, 5.0, 5.0, 5.0, 5.0, 5.0, 6.0,NA,NA,NA,NA,NA,NA, 6.0,NA,NA,NA, 7.0, 7.0, 7.0, 7.0, 7.0, 7.0, 7.0, 7.0, 7.0, 7.0, 7.0, 7.0, 7.0, 7.0, 7.0, 6.0, 6.0, 6.0, 6.0, 6.0,NA,NA,NA,NA,NA,NA, 6.0,NA,NA,NA,NA,NA,NA,NA,NA,NA,NA,NA, 6.0, 6.0, 6.0, 5.0, 4.0, 4.0, 4.0, 4.0, 4.0, 4.0,NA,NA,NA,NA,NA
Human_SHENKIN,8.261, 8.261, 14.9643, 12.2757,NA,NA,NA,NA,NA,NA,NA, 8.261, 14.9643, 15.0422,NA, 16.2097, 16.2097, 16.2097, 19.7599,NA,NA,NA,NA, 28.2639, 21.4044,NA, 34.4541, 21.5159, 23.1859, 11.8778,NA,NA, 10.9138, 10.9138, 28.2639, 19.0202, 15.6029, 34.4541, 19.8628,NA,NA,NA,NA,NA,NA,NA,NA,NA,NA,NA, 24.0876, 19.7599, 15.0422, 11.3916, 8.5822,NA,NA, 8.5822, 10.4618, 11.3325, 16.2097,NA, 11.8162, 11.8162, 6.0, 34.4541, 19.7599, 11.3916, 14.9643, 19.7599,NA,NA,NA,NA,NA, 10.9083, 15.0422, 10.9083, 16.2097, 26.2282, 26.2282, 16.379, 21.5159, 21.5159, 6.0, 13.3041, 11.8778, 16.379, 17.6503, 10.9138, 10.9138, 10.9138, 21.5159, 17.6503, 10.0753,NA, 34.4541, 17.6503, 21.5159, 21.5159, 10.9138, 21.5159, 21.5159, 10.9138, 10.9138, 10.9138, 6.0, 6.0, 13.3041, 15.6029, 28.2639, 16.379, 21.5159, 19.7599, 15.6029, 26.2282, 21.5159, 21.5159, 15.6029, 6.0, 6.0, 10.9138, 17.6503, 10.9138, 17.6503, 34.4541,NA, 6.0, 10.9083, 21.5159, 15.6029, 15.6029, 17.6503, 19.0202, 6.0, 16.2942, 23.1859, 15.6029, 16.379, 6.0, 21.5159, 6.0, 10.9138, 13.3041, 10.9138, 6.0, 6.0, 6.0, 9.042, 6.0, 6.0, 6.0, 6.0, 16.379, 10.9138, 34.4541, 15.6029, 21.5159, 11.8778, 11.8778, 21.5159, 28.2639, 26.2282, 11.8778, 6.0, 11.8778, 19.0202, 6.0, 6.0, 9.042, 34.4541, 21.5159, 10.9138, 6.0, 23.1859, 21.5159, 34.4541, 15.6029, 23.1859,NA,NA, 14.9643, 28.2639, 26.2282, 13.3041, 26.2282, 6.0, 21.5159, 13.3041, 19.0202, 21.5159, 28.2639, 23.1859, 13.3041, 13.3041, 11.8778, 21.5159, 12.3397, 10.9138, 10.9083, 12.3397, 13.3041, 13.3041, 28.2639, 6.0, 6.0, 21.5159, 13.3041, 21.5159, 19.0202, 17.6503, 13.3041, 10.9138, 19.0202, 21.5159,NA, 17.6503, 21.5159, 15.6029, 19.8628, 16.2942, 8.261, 6.8475, 6.8475, 16.379, 10.9083, 7.6301, 34.4541, 9.042, 6.0, 21.5159, 17.6503, 6.0, 6.0,NA,NA,NA,NA,NA, 28.2639, 13.3041, 21.5159, 34.4541, 15.6029,NA,NA,NA,NA,NA,NA,NA,NA,NA,NA,NA,NA,NA,NA,NA,NA,NA,NA,NA,NA,NA,NA,NA,NA,NA,NA,NA,NA,NA,NA,NA,NA,NA,NA,NA,NA,NA,NA,NA,NA,NA, 13.3041, 15.6029, 16.379, 21.5159, 19.0202, 9.042, 26.2282, 34.4541, 13.3041, 28.2639, 28.2639, 16.2097, 19.7599, 19.7599, 15.0422, 15.0422,NA, 15.0422, 15.0422, 26.2282, 15.6029, 13.3041, 17.6503, 34.4541, 10.9138, 10.9138, 23.1859, 17.6503, 15.6029, 19.0202, 21.5159, 21.5159, 19.0202, 21.5159, 26.2282, 10.9138, 12.4039, 6.8475, 21.4044, 28.2639, 21.5159,NA, 21.4044,NA,NA,NA,NA,NA,NA,NA,NA,NA,NA,NA,NA,NA,NA,NA, 16.379, 15.6029, 13.3041, 28.2639,NA,NA,NA,NA,NA,NA, 19.0202, 10.0753, 10.0753,NA,NA,NA,NA,NA,NA,NA, 21.5159,NA,NA, 26.2282, 13.3041, 21.5159, 28.2639, 21.5159, 21.5159,NA,NA,NA,NA, 21.5159, 6.0, 9.042, 6.0, 15.6029, 6.0, 6.0, 19.0202, 15.6029, 11.8778, 13.3041, 34.4541,NA,NA, 28.2639, 9.042, 9.042, 21.5159, 6.0, 11.8778, 6.0, 6.0, 23.1859, 6.0, 10.9138, 13.3041, 28.2639, 15.6029, 11.3325, 8.6269, 8.6269, 6.0, 9.042, 6.0, 19.0202, 28.2639, 21.5159, 15.6029, 23.1859, 21.5159, 17.6503, 6.0, 10.9138, 26.2282, 17.6503, 11.8778, 23.1859, 16.379, 6.0, 10.9138, 16.379, 6.0, 10.9138, 10.9138, 13.3041, 6.0, 16.379, 19.0202, 17.6503, 6.0, 13.3041, 13.3041, 11.8778, 17.6503, 6.0, 26.2282, 21.5159, 34.4541, 21.5159, 34.4541, 23.1859, 28.2639,NA,NA,NA,NA,NA,NA,NA,NA,NA,NA,NA, 28.2639, 21.5159, 21.5159, 23.1859, 28.2639, 9.042, 15.6029, 9.042, 21.5159, 13.3041, 19.0202, 13.3041, 21.5159, 17.6503, 13.3041, 23.1859, 17.6503, 23.1859, 13.3041, 21.5159, 15.6029, 28.2639, 17.6503, 28.2639, 23.1859, 17.6503, 21.5159, 7.6301, 12.3397, 16.2097, 12.3397, 11.8778, 16.379, 6.0, 10.9138, 21.5159, 26.2282, 26.2282, 26.2282, 28.2639, 19.7599, 15.0422,NA,NA,NA,NA,NA,NA,NA,NA,NA,NA, 15.0422, 15.0422, 16.2097, 19.7599, 19.7599, 11.3325, 8.6269, 14.9643, 14.9643, 12.4039,NA,NA,NA,NA,NA,NA, 26.2282, 28.2639, 16.379, 19.7599,NA,NA,NA,NA,NA,NA,NA,NA,NA,NA,NA,NA,NA,NA, 16.2097, 7.6301, 10.9083, 10.9083, 10.9083, 21.4044,NA,NA,NA,NA,NA,NA, 26.0923,NA,NA,NA, 28.2639, 23.1859, 26.2282, 19.0202, 15.6029, 28.2639, 34.4541, 13.3041, 28.2639, 21.5159, 9.042, 34.4541, 21.5159, 28.2639, 28.2639, 21.4044, 26.0923, 21.4044, 11.8162, 21.4044,NA,NA,NA,NA,NA,NA, 26.0923,NA,NA,NA,NA,NA,NA,NA,NA,NA,NA,NA, 21.4044, 16.2942, 21.4044, 24.0876, 12.2757, 14.9643, 18.2417, 14.9643, 14.9643, 14.9643,NA,NA,NA,NA,NA
